source_ip,destination_ip,source_port,destination_port,protocol,flow_duration_ms,packet_count,total_bytes,avg_packet_size,packets_per_second,bytes_per_second,forward_packet_count,reverse_packet_count,label
2401:4900:88de:8752:d19f:19d:33e3:938,2606:4700:83b3:80e2:e4fe:892:6810:22,65186,443,TCP,31043,33,2472,74.9091,1.0630,79.6315,33,33,NORMAL
2606:4700:83b3:80e2:e4fe:892:6810:22,2401:4900:88de:8752:d19f:19d:33e3:938,443,65186,TCP,31033,33,2965,89.8485,1.0634,95.5435,33,33,NORMAL
51.116.253.169,192.168.1.7,443,49417,TCP,263,7,10001,1428.7143,26.6160,38026.6160,7,12,NORMAL
192.168.1.7,51.116.253.169,49417,443,TCP,263,12,9420,785.0000,45.6274,35817.4905,12,7,NORMAL
2401:4900:88de:8752:d19f:19d:33e3:938,2606:4700:83b3:80e2:e4fe:892:6810:22,63967,443,TCP,37424,39,2922,74.9231,1.0421,78.0782,39,39,NORMAL
2606:4700:83b3:80e2:e4fe:892:6810:22,2401:4900:88de:8752:d19f:19d:33e3:938,443,63967,TCP,37401,39,3505,89.8718,1.0428,93.7141,39,39,NORMAL
192.168.1.4,192.168.1.255,45259,15600,UDP,0,1,77,77.0000,0.0000,0.0000,1,0,NORMAL
fe80:0:0:0:4248:6eff:fe16:d890,fe80:0:0:0:b738:486f:a550:14c3,0,0,OTHER,40263,9,810,90.0000,0.2235,20.1177,9,9,NORMAL
fe80:0:0:0:b738:486f:a550:14c3,fe80:0:0:0:4248:6eff:fe16:d890,0,0,OTHER,40263,9,774,86.0000,0.2235,19.2236,9,9,NORMAL
192.168.1.7,192.168.1.4,51457,8009,TCP,37562,18,2076,115.3333,0.4792,55.2686,18,9,NORMAL
192.168.1.4,192.168.1.7,8009,51457,TCP,37506,9,1669,185.4444,0.2400,44.4995,9,18,NORMAL
192.168.1.7,4.150.223.115,58413,443,TCP,311,3,1674,558.0000,9.6463,5382.6367,3,2,NORMAL
4.150.223.115,192.168.1.7,443,58413,TCP,0,2,616,308.0000,0.0000,0.0000,2,3,NORMAL
2401:4900:88de:8752:d19f:19d:33e3:938,2606:4700:83b2:7cbc:c2fe:892:5ff2:75c4,51365,443,TCP,26049,45,44817,995.9333,1.7275,1720.4883,45,29,NORMAL
2606:4700:83b2:7cbc:c2fe:892:5ff2:75c4,2401:4900:88de:8752:d19f:19d:33e3:938,443,51365,TCP,26099,29,5738,197.8621,1.1112,219.8552,29,45,NORMAL
192.168.1.7,135.149.147.5,61045,443,TCP,130,2,108,54.0000,15.3846,830.7692,2,1,NORMAL
192.168.1.7,135.149.147.5,52760,443,TCP,140,2,108,54.0000,14.2857,771.4286,2,1,NORMAL
192.168.1.7,135.149.147.5,49415,443,TCP,146,2,108,54.0000,13.6986,739.7260,2,1,NORMAL
2401:4900:88de:8752:d19f:19d:33e3:938,2603:1046:c06:c6e:0:0:0:2,55200,443,TCP,0,1,74,74.0000,0.0000,0.0000,1,0,NORMAL
2401:4900:88de:8752:d19f:19d:33e3:938,2603:1046:c06:c6e:0:0:0:2,55201,443,TCP,0,1,74,74.0000,0.0000,0.0000,1,0,NORMAL
135.149.147.5,192.168.1.7,443,61045,TCP,0,1,58,58.0000,0.0000,0.0000,1,2,NORMAL
135.149.147.5,192.168.1.7,443,52760,TCP,0,1,58,58.0000,0.0000,0.0000,1,2,NORMAL
135.149.147.5,192.168.1.7,443,49415,TCP,0,1,58,58.0000,0.0000,0.0000,1,2,NORMAL
192.168.1.7,192.168.1.5,54332,8009,TCP,35477,18,2013,111.8333,0.5074,56.7410,18,9,NORMAL
192.168.1.5,192.168.1.7,8009,54332,TCP,35425,9,1615,179.4444,0.2541,45.5893,9,18,NORMAL
192.168.1.4,239.255.255.250,52266,15600,UDP,0,1,77,77.0000,0.0000,0.0000,1,0,NORMAL
2401:4900:88de:8752:d19f:19d:33e3:938,2606:4700:83b1:d8b7:9afe:4b3:ccf5:ac50,50757,443,TCP,27798,10,1160,116.0000,0.3597,41.7296,10,12,NORMAL
2606:4700:83b1:d8b7:9afe:4b3:ccf5:ac50,2401:4900:88de:8752:d19f:19d:33e3:938,443,50757,TCP,27797,12,1324,110.3333,0.4317,47.6310,12,10,NORMAL
2401:4900:88de:8752:4248:6eff:fe16:d890,2401:4900:88de:8752:d19f:19d:33e3:938,0,0,OTHER,35244,9,802,89.1111,0.2554,22.7556,9,9,NORMAL
2401:4900:88de:8752:d19f:19d:33e3:938,2401:4900:88de:8752:4248:6eff:fe16:d890,0,0,OTHER,35244,9,774,86.0000,0.2554,21.9612,9,9,NORMAL
2401:4900:88de:8752:d19f:19d:33e3:938,2001:4860:4843:400:0:0:0:0,62840,443,TCP,30060,3,225,75.0000,0.0998,7.4850,3,3,NORMAL
2001:4860:4843:400:0:0:0:0,2401:4900:88de:8752:d19f:19d:33e3:938,443,62840,TCP,30061,3,270,90.0000,0.0998,8.9817,3,3,NORMAL
2401:4900:88de:8752:d19f:19d:33e3:938,2001:4860:4843:400:0:0:0:0,58414,443,TCP,30065,3,225,75.0000,0.0998,7.4838,3,3,NORMAL
2001:4860:4843:400:0:0:0:0,2401:4900:88de:8752:d19f:19d:33e3:938,443,58414,TCP,30070,3,270,90.0000,0.0998,8.9790,3,3,NORMAL
192.168.1.4,192.168.1.255,44174,15600,UDP,0,1,77,77.0000,0.0000,0.0000,1,0,NORMAL
2401:4900:88de:8752:d19f:19d:33e3:938,2001:4860:4843:400:0:0:0:0,62839,443,TCP,30140,3,225,75.0000,0.0995,7.4652,3,3,NORMAL
2001:4860:4843:400:0:0:0:0,2401:4900:88de:8752:d19f:19d:33e3:938,443,62839,TCP,30147,3,270,90.0000,0.0995,8.9561,3,3,NORMAL
192.168.1.4,239.255.255.250,48094,15600,UDP,0,1,77,77.0000,0.0000,0.0000,1,0,NORMAL
2401:4900:88de:8752:d19f:19d:33e3:938,2001:4860:482d:7700:0:0:0:0,52229,443,UDP,29874,232,103206,444.8534,7.7660,3454.7098,232,323,NORMAL
2401:4900:88de:8752:d19f:19d:33e3:938,2001:4860:4844:400:0:0:0:0,63972,443,TCP,30112,3,225,75.0000,0.0996,7.4721,3,3,NORMAL
2001:4860:4844:400:0:0:0:0,2401:4900:88de:8752:d19f:19d:33e3:938,443,63972,TCP,30100,3,270,90.0000,0.0997,8.9701,3,3,NORMAL
2001:4860:482d:7700:0:0:0:0,2401:4900:88de:8752:d19f:19d:33e3:938,443,52229,UDP,29856,323,244427,756.7399,10.8186,8186.8636,323,232,NORMAL
2401:4900:88de:8752:d19f:19d:33e3:938,2001:4860:482d:7700:0:0:0:0,57353,443,UDP,8113,13,4032,310.1538,1.6024,496.9802,13,17,NORMAL
2001:4860:482d:7700:0:0:0:0,2401:4900:88de:8752:d19f:19d:33e3:938,443,57353,UDP,7982,17,7725,454.4118,2.1298,967.8026,17,13,NORMAL
fe80:0:0:0:b738:486f:a550:14c3,fe80:0:0:0:4248:6eff:fe16:d890,56869,53,UDP,0,1,94,94.0000,0.0000,0.0000,1,1,NORMAL
fe80:0:0:0:b738:486f:a550:14c3,fe80:0:0:0:4248:6eff:fe16:d890,56740,53,UDP,0,1,94,94.0000,0.0000,0.0000,1,1,NORMAL
fe80:0:0:0:b738:486f:a550:14c3,fe80:0:0:0:4248:6eff:fe16:d890,65048,53,UDP,0,1,94,94.0000,0.0000,0.0000,1,1,NORMAL
fe80:0:0:0:b738:486f:a550:14c3,fe80:0:0:0:4248:6eff:fe16:d890,51224,53,UDP,0,1,108,108.0000,0.0000,0.0000,1,1,NORMAL
fe80:0:0:0:b738:486f:a550:14c3,fe80:0:0:0:4248:6eff:fe16:d890,62548,53,UDP,0,1,108,108.0000,0.0000,0.0000,1,1,NORMAL
fe80:0:0:0:b738:486f:a550:14c3,fe80:0:0:0:4248:6eff:fe16:d890,59422,53,UDP,0,1,108,108.0000,0.0000,0.0000,1,1,NORMAL
fe80:0:0:0:b738:486f:a550:14c3,fe80:0:0:0:4248:6eff:fe16:d890,50195,53,UDP,0,1,94,94.0000,0.0000,0.0000,1,1,NORMAL
fe80:0:0:0:b738:486f:a550:14c3,fe80:0:0:0:4248:6eff:fe16:d890,55451,53,UDP,0,1,94,94.0000,0.0000,0.0000,1,1,NORMAL
fe80:0:0:0:b738:486f:a550:14c3,fe80:0:0:0:4248:6eff:fe16:d890,61013,53,UDP,0,1,94,94.0000,0.0000,0.0000,1,1,NORMAL
fe80:0:0:0:4248:6eff:fe16:d890,fe80:0:0:0:b738:486f:a550:14c3,53,56740,UDP,0,1,146,146.0000,0.0000,0.0000,1,1,NORMAL
fe80:0:0:0:4248:6eff:fe16:d890,fe80:0:0:0:b738:486f:a550:14c3,53,65048,UDP,0,1,214,214.0000,0.0000,0.0000,1,1,NORMAL
fe80:0:0:0:4248:6eff:fe16:d890,fe80:0:0:0:b738:486f:a550:14c3,53,56869,UDP,0,1,168,168.0000,0.0000,0.0000,1,1,NORMAL
2401:4900:88de:8752:d19f:19d:33e3:938,2404:6800:4007:834:0:0:0:200e,61881,443,UDP,7925,17,7402,435.4118,2.1451,934.0063,17,21,NORMAL
fe80:0:0:0:b738:486f:a550:14c3,fe80:0:0:0:4248:6eff:fe16:d890,49989,53,UDP,0,1,106,106.0000,0.0000,0.0000,1,1,NORMAL
fe80:0:0:0:b738:486f:a550:14c3,fe80:0:0:0:4248:6eff:fe16:d890,57870,53,UDP,0,1,106,106.0000,0.0000,0.0000,1,1,NORMAL
fe80:0:0:0:b738:486f:a550:14c3,fe80:0:0:0:4248:6eff:fe16:d890,54543,53,UDP,0,1,106,106.0000,0.0000,0.0000,1,1,NORMAL
fe80:0:0:0:b738:486f:a550:14c3,fe80:0:0:0:4248:6eff:fe16:d890,53724,53,UDP,0,1,108,108.0000,0.0000,0.0000,1,1,NORMAL
fe80:0:0:0:b738:486f:a550:14c3,fe80:0:0:0:4248:6eff:fe16:d890,57434,53,UDP,0,1,108,108.0000,0.0000,0.0000,1,1,NORMAL
fe80:0:0:0:b738:486f:a550:14c3,fe80:0:0:0:4248:6eff:fe16:d890,62697,53,UDP,0,1,108,108.0000,0.0000,0.0000,1,1,NORMAL
2404:6800:4007:834:0:0:0:200e,2401:4900:88de:8752:d19f:19d:33e3:938,443,61881,UDP,7909,21,14188,675.6190,2.6552,1793.9057,21,17,NORMAL
fe80:0:0:0:4248:6eff:fe16:d890,fe80:0:0:0:b738:486f:a550:14c3,53,51224,UDP,0,1,162,162.0000,0.0000,0.0000,1,1,NORMAL
fe80:0:0:0:4248:6eff:fe16:d890,fe80:0:0:0:b738:486f:a550:14c3,53,53724,UDP,0,1,162,162.0000,0.0000,0.0000,1,1,NORMAL
fe80:0:0:0:4248:6eff:fe16:d890,fe80:0:0:0:b738:486f:a550:14c3,53,50195,UDP,0,1,168,168.0000,0.0000,0.0000,1,1,NORMAL
fe80:0:0:0:4248:6eff:fe16:d890,fe80:0:0:0:b738:486f:a550:14c3,53,62548,UDP,0,1,140,140.0000,0.0000,0.0000,1,1,NORMAL
fe80:0:0:0:4248:6eff:fe16:d890,fe80:0:0:0:b738:486f:a550:14c3,53,57434,UDP,0,1,140,140.0000,0.0000,0.0000,1,1,NORMAL
fe80:0:0:0:4248:6eff:fe16:d890,fe80:0:0:0:b738:486f:a550:14c3,53,61013,UDP,0,1,214,214.0000,0.0000,0.0000,1,1,NORMAL
fe80:0:0:0:4248:6eff:fe16:d890,fe80:0:0:0:b738:486f:a550:14c3,53,59422,UDP,0,1,128,128.0000,0.0000,0.0000,1,1,NORMAL
fe80:0:0:0:4248:6eff:fe16:d890,fe80:0:0:0:b738:486f:a550:14c3,53,62697,UDP,0,1,128,128.0000,0.0000,0.0000,1,1,NORMAL
2401:4900:88de:8752:d19f:19d:33e3:938,2404:6800:4007:804:0:0:0:200a,63805,443,UDP,8000,24,15261,635.8750,3.0000,1907.6250,24,22,NORMAL
fe80:0:0:0:4248:6eff:fe16:d890,fe80:0:0:0:b738:486f:a550:14c3,53,55451,UDP,0,1,146,146.0000,0.0000,0.0000,1,1,NORMAL
fe80:0:0:0:4248:6eff:fe16:d890,fe80:0:0:0:b738:486f:a550:14c3,53,49989,UDP,0,1,167,167.0000,0.0000,0.0000,1,1,NORMAL
fe80:0:0:0:4248:6eff:fe16:d890,fe80:0:0:0:b738:486f:a550:14c3,53,57870,UDP,0,1,138,138.0000,0.0000,0.0000,1,1,NORMAL
fe80:0:0:0:4248:6eff:fe16:d890,fe80:0:0:0:b738:486f:a550:14c3,53,54543,UDP,0,1,126,126.0000,0.0000,0.0000,1,1,NORMAL
2401:4900:88de:8752:d19f:19d:33e3:938,2404:6800:4002:817:0:0:0:200e,49371,443,UDP,377,17,5904,347.2941,45.0928,15660.4775,17,21,NORMAL
2401:4900:88de:8752:d19f:19d:33e3:938,2404:6800:4000:1025:0:0:0:54,53428,443,TCP,55,2,148,74.0000,36.3636,2690.9091,2,1,NORMAL
2401:4900:88de:8752:d19f:19d:33e3:938,2404:6800:4007:834:0:0:0:200e,57252,443,TCP,180,8,2408,301.0000,44.4444,13377.7778,8,6,NORMAL
2404:6800:4007:804:0:0:0:200a,2401:4900:88de:8752:d19f:19d:33e3:938,443,63805,UDP,8014,22,11377,517.1364,2.7452,1419.6406,22,24,NORMAL
2404:6800:4007:834:0:0:0:200e,2401:4900:88de:8752:d19f:19d:33e3:938,443,57252,TCP,87,6,6506,1084.3333,68.9655,74781.6092,6,8,NORMAL
2404:6800:4000:1025:0:0:0:54,2401:4900:88de:8752:d19f:19d:33e3:938,443,53428,TCP,0,1,78,78.0000,0.0000,0.0000,1,2,NORMAL
2401:4900:88de:8752:d19f:19d:33e3:938,2404:6800:4002:817:0:0:0:200e,61573,443,TCP,310,9,2494,277.1111,29.0323,8045.1613,9,8,NORMAL
2401:4900:88de:8752:d19f:19d:33e3:938,2404:6800:4007:804:0:0:0:200a,59191,443,TCP,194,8,2534,316.7500,41.2371,13061.8557,8,6,NORMAL
2404:6800:4002:817:0:0:0:200e,2401:4900:88de:8752:d19f:19d:33e3:938,443,49371,UDP,399,21,15868,755.6190,52.6316,39769.4236,21,17,NORMAL
2404:6800:4007:804:0:0:0:200a,2401:4900:88de:8752:d19f:19d:33e3:938,443,59191,TCP,98,6,11096,1849.3333,61.2245,113224.4898,6,8,NORMAL
fe80:0:0:0:b738:486f:a550:14c3,fe80:0:0:0:4248:6eff:fe16:d890,64446,53,UDP,0,1,105,105.0000,0.0000,0.0000,1,1,NORMAL
2404:6800:4002:817:0:0:0:200e,2401:4900:88de:8752:d19f:19d:33e3:938,443,61573,TCP,172,8,6981,872.6250,46.5116,40587.2093,8,9,NORMAL
fe80:0:0:0:b738:486f:a550:14c3,fe80:0:0:0:4248:6eff:fe16:d890,55764,53,UDP,0,1,105,105.0000,0.0000,0.0000,1,1,NORMAL
fe80:0:0:0:b738:486f:a550:14c3,fe80:0:0:0:4248:6eff:fe16:d890,51228,53,UDP,0,1,105,105.0000,0.0000,0.0000,1,1,NORMAL
fe80:0:0:0:4248:6eff:fe16:d890,fe80:0:0:0:b738:486f:a550:14c3,53,51228,UDP,0,1,154,154.0000,0.0000,0.0000,1,1,NORMAL
fe80:0:0:0:4248:6eff:fe16:d890,fe80:0:0:0:b738:486f:a550:14c3,53,64446,UDP,0,1,195,195.0000,0.0000,0.0000,1,1,NORMAL
fe80:0:0:0:4248:6eff:fe16:d890,fe80:0:0:0:b738:486f:a550:14c3,53,55764,UDP,0,1,166,166.0000,0.0000,0.0000,1,1,NORMAL
2401:4900:88de:8752:d19f:19d:33e3:938,2404:6800:4007:817:0:0:0:2001,61971,443,UDP,7775,15,7641,509.4000,1.9293,982.7653,15,18,NORMAL
fe80:0:0:0:b738:486f:a550:14c3,fe80:0:0:0:4248:6eff:fe16:d890,60141,53,UDP,0,1,95,95.0000,0.0000,0.0000,1,1,NORMAL
fe80:0:0:0:b738:486f:a550:14c3,fe80:0:0:0:4248:6eff:fe16:d890,58971,53,UDP,0,1,95,95.0000,0.0000,0.0000,1,1,NORMAL
fe80:0:0:0:b738:486f:a550:14c3,fe80:0:0:0:4248:6eff:fe16:d890,53253,53,UDP,0,1,95,95.0000,0.0000,0.0000,1,1,NORMAL
2404:6800:4007:817:0:0:0:2001,2401:4900:88de:8752:d19f:19d:33e3:938,443,61971,UDP,7802,18,11102,616.7778,2.3071,1422.9685,18,15,NORMAL
fe80:0:0:0:4248:6eff:fe16:d890,fe80:0:0:0:b738:486f:a550:14c3,53,60141,UDP,0,1,156,156.0000,0.0000,0.0000,1,1,NORMAL
fe80:0:0:0:4248:6eff:fe16:d890,fe80:0:0:0:b738:486f:a550:14c3,53,58971,UDP,0,1,127,127.0000,0.0000,0.0000,1,1,NORMAL
fe80:0:0:0:4248:6eff:fe16:d890,fe80:0:0:0:b738:486f:a550:14c3,53,53253,UDP,0,1,115,115.0000,0.0000,0.0000,1,1,NORMAL
2401:4900:88de:8752:d19f:19d:33e3:938,2404:6800:4007:82f:0:0:0:2003,61610,443,UDP,125,10,5304,530.4000,80.0000,42432.0000,10,15,NORMAL
2404:6800:4007:82f:0:0:0:2003,2401:4900:88de:8752:d19f:19d:33e3:938,443,61610,UDP,158,15,13475,898.3333,94.9367,85284.8101,15,10,NORMAL
2401:4900:88de:8752:d19f:19d:33e3:938,2404:6800:4007:82f:0:0:0:2003,59132,443,TCP,183,8,2409,301.1250,43.7158,13163.9344,8,6,NORMAL
2404:6800:4007:82f:0:0:0:2003,2401:4900:88de:8752:d19f:19d:33e3:938,443,59132,TCP,108,6,5487,914.5000,55.5556,50805.5556,6,8,NORMAL
2401:4900:88de:8752:d19f:19d:33e3:938,2001:4860:4847:400:0:0:0:0,49416,443,TCP,15053,2,150,75.0000,0.1329,9.9648,2,2,NORMAL
fe80:0:0:0:b738:486f:a550:14c3,fe80:0:0:0:4248:6eff:fe16:d890,53879,53,UDP,0,1,95,95.0000,0.0000,0.0000,1,1,NORMAL
fe80:0:0:0:b738:486f:a550:14c3,fe80:0:0:0:4248:6eff:fe16:d890,55106,53,UDP,0,1,95,95.0000,0.0000,0.0000,1,1,NORMAL
fe80:0:0:0:b738:486f:a550:14c3,fe80:0:0:0:4248:6eff:fe16:d890,56762,53,UDP,0,1,95,95.0000,0.0000,0.0000,1,1,NORMAL
2001:4860:4847:400:0:0:0:0,2401:4900:88de:8752:d19f:19d:33e3:938,443,49416,TCP,15040,2,180,90.0000,0.1330,11.9681,2,2,NORMAL
fe80:0:0:0:4248:6eff:fe16:d890,fe80:0:0:0:b738:486f:a550:14c3,53,53879,UDP,0,1,149,149.0000,0.0000,0.0000,1,1,NORMAL
fe80:0:0:0:4248:6eff:fe16:d890,fe80:0:0:0:b738:486f:a550:14c3,53,56762,UDP,0,1,195,195.0000,0.0000,0.0000,1,1,NORMAL
fe80:0:0:0:4248:6eff:fe16:d890,fe80:0:0:0:b738:486f:a550:14c3,53,55106,UDP,0,1,127,127.0000,0.0000,0.0000,1,1,NORMAL
2401:4900:88de:8752:d19f:19d:33e3:938,2404:6800:4007:82f:0:0:0:200e,62559,443,UDP,8101,15,8284,552.2667,1.8516,1022.5898,15,18,NORMAL
2404:6800:4007:82f:0:0:0:200e,2401:4900:88de:8752:d19f:19d:33e3:938,443,62559,UDP,8077,18,9855,547.5000,2.2286,1220.1312,18,15,NORMAL
fe80:0:0:0:b738:486f:a550:14c3,fe80:0:0:0:4248:6eff:fe16:d890,51106,53,UDP,0,1,95,95.0000,0.0000,0.0000,1,1,NORMAL
fe80:0:0:0:b738:486f:a550:14c3,fe80:0:0:0:4248:6eff:fe16:d890,64574,53,UDP,0,1,95,95.0000,0.0000,0.0000,1,1,NORMAL
fe80:0:0:0:b738:486f:a550:14c3,fe80:0:0:0:4248:6eff:fe16:d890,52599,53,UDP,0,1,95,95.0000,0.0000,0.0000,1,1,NORMAL
fe80:0:0:0:b738:486f:a550:14c3,fe80:0:0:0:4248:6eff:fe16:d890,55181,53,UDP,0,1,115,115.0000,0.0000,0.0000,1,1,NORMAL
fe80:0:0:0:b738:486f:a550:14c3,fe80:0:0:0:4248:6eff:fe16:d890,63550,53,UDP,0,1,115,115.0000,0.0000,0.0000,1,1,NORMAL
fe80:0:0:0:b738:486f:a550:14c3,fe80:0:0:0:4248:6eff:fe16:d890,64545,53,UDP,0,1,115,115.0000,0.0000,0.0000,1,1,NORMAL
fe80:0:0:0:4248:6eff:fe16:d890,fe80:0:0:0:b738:486f:a550:14c3,53,51106,UDP,0,1,114,114.0000,0.0000,0.0000,1,1,NORMAL
fe80:0:0:0:4248:6eff:fe16:d890,fe80:0:0:0:b738:486f:a550:14c3,53,64574,UDP,0,1,323,323.0000,0.0000,0.0000,1,1,NORMAL
fe80:0:0:0:4248:6eff:fe16:d890,fe80:0:0:0:b738:486f:a550:14c3,53,52599,UDP,0,1,227,227.0000,0.0000,0.0000,1,1,NORMAL
fe80:0:0:0:4248:6eff:fe16:d890,fe80:0:0:0:b738:486f:a550:14c3,53,55181,UDP,0,1,176,176.0000,0.0000,0.0000,1,1,NORMAL
2401:4900:88de:8752:d19f:19d:33e3:938,2001:4860:4827:400:0:0:0:0,55816,443,UDP,8755,172,62299,362.2035,19.6459,7115.8195,172,473,NORMAL
fe80:0:0:0:4248:6eff:fe16:d890,fe80:0:0:0:b738:486f:a550:14c3,53,63550,UDP,0,1,343,343.0000,0.0000,0.0000,1,1,NORMAL
fe80:0:0:0:4248:6eff:fe16:d890,fe80:0:0:0:b738:486f:a550:14c3,53,64545,UDP,0,1,247,247.0000,0.0000,0.0000,1,1,NORMAL
2401:4900:88de:8752:d19f:19d:33e3:938,2001:4860:4840:400:0:0:0:0,59119,443,UDP,11251,18,7249,402.7222,1.5999,644.2983,18,24,NORMAL
2001:4860:4840:400:0:0:0:0,2401:4900:88de:8752:d19f:19d:33e3:938,443,59119,UDP,11285,24,19107,796.1250,2.1267,1693.1325,24,18,NORMAL
2001:4860:4827:400:0:0:0:0,2401:4900:88de:8752:d19f:19d:33e3:938,443,55816,UDP,8745,473,493938,1044.2664,54.0881,56482.3328,473,172,NORMAL
2401:4900:88de:8752:d19f:19d:33e3:938,2001:4860:4827:400:0:0:0:0,65525,443,TCP,212,8,2473,309.1250,37.7358,11665.0943,8,7,NORMAL
2401:4900:88de:8752:d19f:19d:33e3:938,2001:4860:4840:400:0:0:0:0,50883,443,TCP,191,8,2541,317.6250,41.8848,13303.6649,8,7,NORMAL
2001:4860:4827:400:0:0:0:0,2401:4900:88de:8752:d19f:19d:33e3:938,443,65525,TCP,121,7,6587,941.0000,57.8512,54438.0165,7,8,NORMAL
2001:4860:4840:400:0:0:0:0,2401:4900:88de:8752:d19f:19d:33e3:938,443,50883,TCP,106,7,6037,862.4286,66.0377,56952.8302,7,8,NORMAL
fe80:0:0:0:b738:486f:a550:14c3,fe80:0:0:0:4248:6eff:fe16:d890,50774,53,UDP,0,1,100,100.0000,0.0000,0.0000,1,1,NORMAL
fe80:0:0:0:b738:486f:a550:14c3,fe80:0:0:0:4248:6eff:fe16:d890,52102,53,UDP,0,1,100,100.0000,0.0000,0.0000,1,1,NORMAL
fe80:0:0:0:b738:486f:a550:14c3,fe80:0:0:0:4248:6eff:fe16:d890,63737,53,UDP,0,1,100,100.0000,0.0000,0.0000,1,1,NORMAL
fe80:0:0:0:4248:6eff:fe16:d890,fe80:0:0:0:b738:486f:a550:14c3,53,52102,UDP,0,1,132,132.0000,0.0000,0.0000,1,1,NORMAL
fe80:0:0:0:4248:6eff:fe16:d890,fe80:0:0:0:b738:486f:a550:14c3,53,50774,UDP,0,1,161,161.0000,0.0000,0.0000,1,1,NORMAL
fe80:0:0:0:4248:6eff:fe16:d890,fe80:0:0:0:b738:486f:a550:14c3,53,63737,UDP,0,1,120,120.0000,0.0000,0.0000,1,1,NORMAL
fe80:0:0:0:b738:486f:a550:14c3,fe80:0:0:0:4248:6eff:fe16:d890,53702,53,UDP,0,1,91,91.0000,0.0000,0.0000,1,1,NORMAL
fe80:0:0:0:b738:486f:a550:14c3,fe80:0:0:0:4248:6eff:fe16:d890,49382,53,UDP,0,1,91,91.0000,0.0000,0.0000,1,1,NORMAL
fe80:0:0:0:b738:486f:a550:14c3,fe80:0:0:0:4248:6eff:fe16:d890,54619,53,UDP,0,1,91,91.0000,0.0000,0.0000,1,1,NORMAL
2401:4900:88de:8752:d19f:19d:33e3:938,2404:6800:4009:81f:0:0:0:200a,58874,443,UDP,2670,27,8195,303.5185,10.1124,3069.2884,27,37,NORMAL
fe80:0:0:0:4248:6eff:fe16:d890,fe80:0:0:0:b738:486f:a550:14c3,53,53702,UDP,0,1,152,152.0000,0.0000,0.0000,1,1,NORMAL
fe80:0:0:0:4248:6eff:fe16:d890,fe80:0:0:0:b738:486f:a550:14c3,53,49382,UDP,0,1,207,207.0000,0.0000,0.0000,1,1,NORMAL
fe80:0:0:0:4248:6eff:fe16:d890,fe80:0:0:0:b738:486f:a550:14c3,53,54619,UDP,0,1,255,255.0000,0.0000,0.0000,1,1,NORMAL
2401:4900:88de:8752:d19f:19d:33e3:938,2404:6800:4003:c0f:0:0:0:77,62693,443,UDP,2872,72,12737,176.9028,25.0696,4434.8886,72,159,NORMAL
2404:6800:4009:81f:0:0:0:200a,2401:4900:88de:8752:d19f:19d:33e3:938,443,58874,UDP,2647,37,30315,819.3243,13.9781,11452.5878,37,27,NORMAL
2401:4900:88de:8752:d19f:19d:33e3:938,2404:6800:4009:81f:0:0:0:200a,50696,443,TCP,231,7,2388,341.1429,30.3030,10337.6623,7,7,NORMAL
2404:6800:4003:c0f:0:0:0:77,2401:4900:88de:8752:d19f:19d:33e3:938,443,62693,UDP,2898,159,191379,1203.6415,54.8654,66038.3023,159,72,NORMAL
2401:4900:88de:8752:d19f:19d:33e3:938,2404:6800:4003:c0f:0:0:0:77,60807,443,TCP,312,7,2363,337.5714,22.4359,7573.7179,7,5,NORMAL
2404:6800:4009:81f:0:0:0:200a,2401:4900:88de:8752:d19f:19d:33e3:938,443,50696,TCP,111,7,7294,1042.0000,63.0631,65711.7117,7,7,NORMAL
2404:6800:4003:c0f:0:0:0:77,2401:4900:88de:8752:d19f:19d:33e3:938,443,60807,TCP,181,5,7129,1425.8000,27.6243,39386.7403,5,7,NORMAL
192.168.1.7,192.168.1.8,60808,7680,TCP,15036,5,330,66.0000,0.3325,21.9473,5,0,NORMAL
fe80:0:0:0:b738:486f:a550:14c3,fe80:0:0:0:4248:6eff:fe16:d890,65446,53,UDP,0,1,97,97.0000,0.0000,0.0000,1,1,NORMAL
fe80:0:0:0:b738:486f:a550:14c3,fe80:0:0:0:4248:6eff:fe16:d890,59842,53,UDP,0,1,97,97.0000,0.0000,0.0000,1,1,NORMAL
fe80:0:0:0:b738:486f:a550:14c3,fe80:0:0:0:4248:6eff:fe16:d890,54027,53,UDP,0,1,97,97.0000,0.0000,0.0000,1,1,NORMAL
fe80:0:0:0:4248:6eff:fe16:d890,fe80:0:0:0:b738:486f:a550:14c3,53,65446,UDP,0,1,126,126.0000,0.0000,0.0000,1,1,NORMAL
fe80:0:0:0:4248:6eff:fe16:d890,fe80:0:0:0:b738:486f:a550:14c3,53,59842,UDP,0,1,129,129.0000,0.0000,0.0000,1,1,NORMAL
fe80:0:0:0:4248:6eff:fe16:d890,fe80:0:0:0:b738:486f:a550:14c3,53,54027,UDP,0,1,117,117.0000,0.0000,0.0000,1,1,NORMAL
2401:4900:88de:8752:d19f:19d:33e3:938,2404:6800:4013:804:0:0:0:5e,63254,443,UDP,2117,52,9667,185.9038,24.5631,4566.3675,52,94,NORMAL
2404:6800:4013:804:0:0:0:5e,2401:4900:88de:8752:d19f:19d:33e3:938,443,63254,UDP,2048,94,110510,1175.6383,45.8984,53959.9609,94,52,NORMAL
192.168.1.4,239.255.255.250,59943,15600,UDP,0,1,77,77.0000,0.0000,0.0000,1,0,NORMAL
fe80:0:0:0:b738:486f:a550:14c3,fe80:0:0:0:4248:6eff:fe16:d890,57507,53,UDP,0,1,107,107.0000,0.0000,0.0000,1,1,NORMAL
fe80:0:0:0:b738:486f:a550:14c3,fe80:0:0:0:4248:6eff:fe16:d890,62149,53,UDP,0,1,107,107.0000,0.0000,0.0000,1,1,NORMAL
fe80:0:0:0:b738:486f:a550:14c3,fe80:0:0:0:4248:6eff:fe16:d890,53393,53,UDP,0,1,107,107.0000,0.0000,0.0000,1,1,NORMAL
fe80:0:0:0:4248:6eff:fe16:d890,fe80:0:0:0:b738:486f:a550:14c3,53,57507,UDP,0,1,136,136.0000,0.0000,0.0000,1,1,NORMAL
fe80:0:0:0:4248:6eff:fe16:d890,fe80:0:0:0:b738:486f:a550:14c3,53,53393,UDP,0,1,127,127.0000,0.0000,0.0000,1,1,NORMAL
fe80:0:0:0:4248:6eff:fe16:d890,fe80:0:0:0:b738:486f:a550:14c3,53,62149,UDP,0,1,139,139.0000,0.0000,0.0000,1,1,NORMAL
2401:4900:88de:8752:d19f:19d:33e3:938,2404:6800:4007:834:0:0:0:2002,63776,443,UDP,198,12,6206,517.1667,60.6061,31343.4343,12,14,NORMAL
2404:6800:4007:834:0:0:0:2002,2401:4900:88de:8752:d19f:19d:33e3:938,443,63776,UDP,220,14,9045,646.0714,63.6364,41113.6364,14,12,NORMAL
2401:4900:88de:8752:d19f:19d:33e3:938,2404:6800:4007:834:0:0:0:2002,64595,443,TCP,220,7,2411,344.4286,31.8182,10959.0909,7,6,NORMAL
fe80:0:0:0:b738:486f:a550:14c3,fe80:0:0:0:4248:6eff:fe16:d890,58186,53,UDP,0,1,113,113.0000,0.0000,0.0000,1,1,NORMAL
fe80:0:0:0:b738:486f:a550:14c3,fe80:0:0:0:4248:6eff:fe16:d890,55230,53,UDP,0,1,113,113.0000,0.0000,0.0000,1,1,NORMAL
fe80:0:0:0:b738:486f:a550:14c3,fe80:0:0:0:4248:6eff:fe16:d890,55992,53,UDP,0,1,113,113.0000,0.0000,0.0000,1,1,NORMAL
2404:6800:4007:834:0:0:0:2002,2401:4900:88de:8752:d19f:19d:33e3:938,443,64595,TCP,124,6,5777,962.8333,48.3871,46588.7097,6,7,NORMAL
fe80:0:0:0:4248:6eff:fe16:d890,fe80:0:0:0:b738:486f:a550:14c3,53,58186,UDP,0,1,169,169.0000,0.0000,0.0000,1,1,NORMAL
fe80:0:0:0:4248:6eff:fe16:d890,fe80:0:0:0:b738:486f:a550:14c3,53,55230,UDP,0,1,175,175.0000,0.0000,0.0000,1,1,NORMAL
fe80:0:0:0:4248:6eff:fe16:d890,fe80:0:0:0:b738:486f:a550:14c3,53,55992,UDP,0,1,163,163.0000,0.0000,0.0000,1,1,NORMAL
2401:4900:88de:8752:d19f:19d:33e3:938,2607:f8b0:4000:13:0:0:0:6,55036,443,UDP,1387,22,8344,379.2727,15.8616,6015.8616,22,27,NORMAL
fe80:0:0:0:b738:486f:a550:14c3,fe80:0:0:0:4248:6eff:fe16:d890,63753,53,UDP,0,1,111,111.0000,0.0000,0.0000,1,1,NORMAL
fe80:0:0:0:b738:486f:a550:14c3,fe80:0:0:0:4248:6eff:fe16:d890,54174,53,UDP,0,1,111,111.0000,0.0000,0.0000,1,1,NORMAL
fe80:0:0:0:b738:486f:a550:14c3,fe80:0:0:0:4248:6eff:fe16:d890,61486,53,UDP,0,1,111,111.0000,0.0000,0.0000,1,1,NORMAL
fe80:0:0:0:b738:486f:a550:14c3,fe80:0:0:0:4248:6eff:fe16:d890,53373,53,UDP,0,1,95,95.0000,0.0000,0.0000,1,1,NORMAL
fe80:0:0:0:b738:486f:a550:14c3,fe80:0:0:0:4248:6eff:fe16:d890,62315,53,UDP,0,1,95,95.0000,0.0000,0.0000,1,1,NORMAL
fe80:0:0:0:b738:486f:a550:14c3,fe80:0:0:0:4248:6eff:fe16:d890,64973,53,UDP,0,1,95,95.0000,0.0000,0.0000,1,1,NORMAL
fe80:0:0:0:4248:6eff:fe16:d890,fe80:0:0:0:b738:486f:a550:14c3,53,63753,UDP,0,1,172,172.0000,0.0000,0.0000,1,1,NORMAL
fe80:0:0:0:4248:6eff:fe16:d890,fe80:0:0:0:b738:486f:a550:14c3,53,54174,UDP,0,1,339,339.0000,0.0000,0.0000,1,1,NORMAL
fe80:0:0:0:4248:6eff:fe16:d890,fe80:0:0:0:b738:486f:a550:14c3,53,61486,UDP,0,1,243,243.0000,0.0000,0.0000,1,1,NORMAL
2401:4900:88de:8752:d19f:19d:33e3:938,2001:4860:4843:400:0:0:0:0,52346,443,UDP,193,10,5168,516.8000,51.8135,26777.2021,10,13,NORMAL
fe80:0:0:0:4248:6eff:fe16:d890,fe80:0:0:0:b738:486f:a550:14c3,53,62315,UDP,0,1,127,127.0000,0.0000,0.0000,1,1,NORMAL
fe80:0:0:0:4248:6eff:fe16:d890,fe80:0:0:0:b738:486f:a550:14c3,53,64973,UDP,0,1,115,115.0000,0.0000,0.0000,1,1,NORMAL
fe80:0:0:0:4248:6eff:fe16:d890,fe80:0:0:0:b738:486f:a550:14c3,53,53373,UDP,0,1,156,156.0000,0.0000,0.0000,1,1,NORMAL
2401:4900:88de:8752:d19f:19d:33e3:938,2404:6800:4007:80e:0:0:0:2003,57786,443,UDP,2207,161,20471,127.1491,72.9497,9275.4871,161,1031,NORMAL
2001:4860:4843:400:0:0:0:0,2401:4900:88de:8752:d19f:19d:33e3:938,443,52346,UDP,209,13,8864,681.8462,62.2010,42411.4833,13,10,NORMAL
2404:6800:4007:80e:0:0:0:2003,2401:4900:88de:8752:d19f:19d:33e3:938,443,57786,UDP,2180,1031,1309816,1270.4326,472.9358,600833.0275,1031,161,NORMAL
2401:4900:88de:8752:d19f:19d:33e3:938,2404:6800:4007:80e:0:0:0:2003,59221,443,TCP,577,9,2507,278.5556,15.5979,4344.8873,9,6,NORMAL
2404:6800:4007:80e:0:0:0:2003,2401:4900:88de:8752:d19f:19d:33e3:938,443,59221,TCP,500,6,5488,914.6667,12.0000,10976.0000,6,9,NORMAL
fe80:0:0:0:b738:486f:a550:14c3,fe80:0:0:0:4248:6eff:fe16:d890,54327,53,UDP,0,1,94,94.0000,0.0000,0.0000,1,1,NORMAL
fe80:0:0:0:b738:486f:a550:14c3,fe80:0:0:0:4248:6eff:fe16:d890,63806,53,UDP,0,1,94,94.0000,0.0000,0.0000,1,1,NORMAL
fe80:0:0:0:b738:486f:a550:14c3,fe80:0:0:0:4248:6eff:fe16:d890,56169,53,UDP,0,1,94,94.0000,0.0000,0.0000,1,1,NORMAL
fe80:0:0:0:b738:486f:a550:14c3,fe80:0:0:0:4248:6eff:fe16:d890,50569,53,UDP,0,1,96,96.0000,0.0000,0.0000,1,1,NORMAL
fe80:0:0:0:b738:486f:a550:14c3,fe80:0:0:0:4248:6eff:fe16:d890,53120,53,UDP,0,1,96,96.0000,0.0000,0.0000,1,1,NORMAL
fe80:0:0:0:b738:486f:a550:14c3,fe80:0:0:0:4248:6eff:fe16:d890,64381,53,UDP,0,1,96,96.0000,0.0000,0.0000,1,1,NORMAL
fe80:0:0:0:4248:6eff:fe16:d890,fe80:0:0:0:b738:486f:a550:14c3,53,54327,UDP,0,1,123,123.0000,0.0000,0.0000,1,1,NORMAL
2607:f8b0:4000:13:0:0:0:6,2401:4900:88de:8752:d19f:19d:33e3:938,443,55036,UDP,1411,27,11969,443.2963,19.1354,8482.6364,27,22,NORMAL
fe80:0:0:0:4248:6eff:fe16:d890,fe80:0:0:0:b738:486f:a550:14c3,53,56169,UDP,0,1,226,226.0000,0.0000,0.0000,1,1,NORMAL
fe80:0:0:0:4248:6eff:fe16:d890,fe80:0:0:0:b738:486f:a550:14c3,53,63806,UDP,0,1,322,322.0000,0.0000,0.0000,1,1,NORMAL
2401:4900:88de:8752:d19f:19d:33e3:938,2001:4860:4828:7700:0:0:0:0,50588,443,UDP,334,10,7044,704.4000,29.9401,21089.8204,10,14,NORMAL
fe80:0:0:0:4248:6eff:fe16:d890,fe80:0:0:0:b738:486f:a550:14c3,53,50569,UDP,0,1,125,125.0000,0.0000,0.0000,1,1,NORMAL
fe80:0:0:0:4248:6eff:fe16:d890,fe80:0:0:0:b738:486f:a550:14c3,53,64381,UDP,0,1,116,116.0000,0.0000,0.0000,1,1,NORMAL
fe80:0:0:0:4248:6eff:fe16:d890,fe80:0:0:0:b738:486f:a550:14c3,53,53120,UDP,0,1,128,128.0000,0.0000,0.0000,1,1,NORMAL
2401:4900:88de:8752:d19f:19d:33e3:938,2404:6800:4002:831:0:0:0:2003,51663,443,UDP,283,13,8139,626.0769,45.9364,28759.7173,13,15,NORMAL
2001:4860:4828:7700:0:0:0:0,2401:4900:88de:8752:d19f:19d:33e3:938,443,50588,UDP,340,14,9373,669.5000,41.1765,27567.6471,14,10,NORMAL
2401:4900:88de:8752:d19f:19d:33e3:938,2001:4860:4828:7700:0:0:0:0,59417,443,TCP,10648,9,2482,275.7778,0.8452,233.0954,9,7,NORMAL
2401:4900:88de:8752:d19f:19d:33e3:938,2404:6800:4002:831:0:0:0:2003,55710,443,TCP,10641,9,2548,283.1111,0.8458,239.4512,9,10,NORMAL
2404:6800:4002:831:0:0:0:2003,2401:4900:88de:8752:d19f:19d:33e3:938,443,51663,UDP,285,15,10030,668.6667,52.6316,35192.9825,15,13,NORMAL
2001:4860:4828:7700:0:0:0:0,2401:4900:88de:8752:d19f:19d:33e3:938,443,59417,TCP,10626,7,4599,657.0000,0.6588,432.8063,7,9,NORMAL
2404:6800:4002:831:0:0:0:2003,2401:4900:88de:8752:d19f:19d:33e3:938,443,55710,TCP,10637,10,6177,617.7000,0.9401,580.7088,10,9,NORMAL
fe80:0:0:0:b738:486f:a550:14c3,fe80:0:0:0:4248:6eff:fe16:d890,61494,53,UDP,0,1,93,93.0000,0.0000,0.0000,1,1,NORMAL
fe80:0:0:0:b738:486f:a550:14c3,fe80:0:0:0:4248:6eff:fe16:d890,62264,53,UDP,0,1,93,93.0000,0.0000,0.0000,1,1,NORMAL
fe80:0:0:0:b738:486f:a550:14c3,fe80:0:0:0:4248:6eff:fe16:d890,64895,53,UDP,0,1,93,93.0000,0.0000,0.0000,1,1,NORMAL
fe80:0:0:0:4248:6eff:fe16:d890,fe80:0:0:0:b738:486f:a550:14c3,53,61494,UDP,0,1,154,154.0000,0.0000,0.0000,1,1,NORMAL
fe80:0:0:0:4248:6eff:fe16:d890,fe80:0:0:0:b738:486f:a550:14c3,53,62264,UDP,0,1,209,209.0000,0.0000,0.0000,1,1,NORMAL
fe80:0:0:0:4248:6eff:fe16:d890,fe80:0:0:0:b738:486f:a550:14c3,53,64895,UDP,0,1,273,273.0000,0.0000,0.0000,1,1,NORMAL
2401:4900:88de:8752:d19f:19d:33e3:938,2404:6800:4003:c0f:0:0:0:84,49360,443,UDP,405,27,8089,299.5926,66.6667,19972.8395,27,29,NORMAL
2404:6800:4003:c0f:0:0:0:84,2401:4900:88de:8752:d19f:19d:33e3:938,443,49360,UDP,326,29,25774,888.7586,88.9571,79061.3497,29,27,NORMAL
2401:4900:88de:8752:d19f:19d:33e3:938,2404:6800:4003:c0f:0:0:0:84,56242,443,TCP,285,9,2513,279.2222,31.5789,8817.5439,9,7,NORMAL
2404:6800:4003:c0f:0:0:0:84,2401:4900:88de:8752:d19f:19d:33e3:938,443,56242,TCP,159,7,12471,1781.5714,44.0252,78433.9623,7,9,NORMAL
fe80:0:0:0:b738:486f:a550:14c3,fe80:0:0:0:4248:6eff:fe16:d890,55904,53,UDP,0,1,98,98.0000,0.0000,0.0000,1,1,NORMAL
fe80:0:0:0:b738:486f:a550:14c3,fe80:0:0:0:4248:6eff:fe16:d890,55464,53,UDP,0,1,98,98.0000,0.0000,0.0000,1,1,NORMAL
fe80:0:0:0:b738:486f:a550:14c3,fe80:0:0:0:4248:6eff:fe16:d890,60799,53,UDP,0,1,98,98.0000,0.0000,0.0000,1,1,NORMAL
fe80:0:0:0:4248:6eff:fe16:d890,fe80:0:0:0:b738:486f:a550:14c3,53,55904,UDP,0,1,127,127.0000,0.0000,0.0000,1,1,NORMAL
fe80:0:0:0:4248:6eff:fe16:d890,fe80:0:0:0:b738:486f:a550:14c3,53,55464,UDP,0,1,162,162.0000,0.0000,0.0000,1,1,NORMAL
fe80:0:0:0:4248:6eff:fe16:d890,fe80:0:0:0:b738:486f:a550:14c3,53,60799,UDP,0,1,118,118.0000,0.0000,0.0000,1,1,NORMAL
192.168.1.7,142.250.205.102,53927,443,UDP,311,15,7431,495.4000,48.2315,23893.8907,15,18,NORMAL
142.250.205.102,192.168.1.7,443,53927,UDP,322,18,11027,612.6111,55.9006,34245.3416,18,15,NORMAL
192.168.1.7,142.250.205.102,55506,443,TCP,194,7,2294,327.7143,36.0825,11824.7423,7,6,NORMAL
142.250.205.102,192.168.1.7,443,55506,TCP,103,6,5588,931.3333,58.2524,54252.4272,6,7,NORMAL
fe80:0:0:0:b738:486f:a550:14c3,fe80:0:0:0:4248:6eff:fe16:d890,51932,53,UDP,0,1,91,91.0000,0.0000,0.0000,1,1,NORMAL
fe80:0:0:0:b738:486f:a550:14c3,fe80:0:0:0:4248:6eff:fe16:d890,57078,53,UDP,0,1,91,91.0000,0.0000,0.0000,1,1,NORMAL
fe80:0:0:0:b738:486f:a550:14c3,fe80:0:0:0:4248:6eff:fe16:d890,62992,53,UDP,0,1,91,91.0000,0.0000,0.0000,1,1,NORMAL
fe80:0:0:0:4248:6eff:fe16:d890,fe80:0:0:0:b738:486f:a550:14c3,53,51932,UDP,0,1,110,110.0000,0.0000,0.0000,1,1,NORMAL
fe80:0:0:0:4248:6eff:fe16:d890,fe80:0:0:0:b738:486f:a550:14c3,53,57078,UDP,0,1,123,123.0000,0.0000,0.0000,1,1,NORMAL
fe80:0:0:0:4248:6eff:fe16:d890,fe80:0:0:0:b738:486f:a550:14c3,53,62992,UDP,0,1,111,111.0000,0.0000,0.0000,1,1,NORMAL
2401:4900:88de:8752:d19f:19d:33e3:938,2404:6800:4009:825:0:0:0:200e,51601,443,UDP,378,16,6232,389.5000,42.3280,16486.7725,16,18,NORMAL
2404:6800:4009:825:0:0:0:200e,2401:4900:88de:8752:d19f:19d:33e3:938,443,51601,UDP,400,18,13232,735.1111,45.0000,33080.0000,18,16,NORMAL
fe80:0:0:0:b738:486f:a550:14c3,fe80:0:0:0:4248:6eff:fe16:d890,62452,53,UDP,0,1,100,100.0000,0.0000,0.0000,1,1,NORMAL
fe80:0:0:0:b738:486f:a550:14c3,fe80:0:0:0:4248:6eff:fe16:d890,54023,53,UDP,0,1,100,100.0000,0.0000,0.0000,1,1,NORMAL
fe80:0:0:0:b738:486f:a550:14c3,fe80:0:0:0:4248:6eff:fe16:d890,55694,53,UDP,0,1,100,100.0000,0.0000,0.0000,1,1,NORMAL
fe80:0:0:0:4248:6eff:fe16:d890,fe80:0:0:0:b738:486f:a550:14c3,53,62452,UDP,0,1,182,182.0000,0.0000,0.0000,1,1,NORMAL
fe80:0:0:0:4248:6eff:fe16:d890,fe80:0:0:0:b738:486f:a550:14c3,53,54023,UDP,0,1,160,160.0000,0.0000,0.0000,1,1,NORMAL
fe80:0:0:0:4248:6eff:fe16:d890,fe80:0:0:0:b738:486f:a550:14c3,53,55694,UDP,0,1,228,228.0000,0.0000,0.0000,1,1,NORMAL
2401:4900:88de:8752:d19f:19d:33e3:938,2404:6800:4007:808:0:0:0:200e,59997,443,UDP,1874,20,12517,625.8500,10.6724,6679.2956,20,22,NORMAL
2404:6800:4007:808:0:0:0:200e,2401:4900:88de:8752:d19f:19d:33e3:938,443,59997,UDP,1890,22,13017,591.6818,11.6402,6887.3016,22,20,NORMAL
2401:4900:88de:8752:d19f:19d:33e3:938,2404:6800:4007:808:0:0:0:200e,54998,443,TCP,175,8,2414,301.7500,45.7143,13794.2857,8,6,NORMAL
2404:6800:4007:808:0:0:0:200e,2401:4900:88de:8752:d19f:19d:33e3:938,443,54998,TCP,100,6,6524,1087.3333,60.0000,65240.0000,6,8,NORMAL
fe80:0:0:0:b738:486f:a550:14c3,fe80:0:0:0:4248:6eff:fe16:d890,61534,53,UDP,0,1,102,102.0000,0.0000,0.0000,1,1,NORMAL
fe80:0:0:0:b738:486f:a550:14c3,fe80:0:0:0:4248:6eff:fe16:d890,60345,53,UDP,0,1,102,102.0000,0.0000,0.0000,1,1,NORMAL
fe80:0:0:0:b738:486f:a550:14c3,fe80:0:0:0:4248:6eff:fe16:d890,54252,53,UDP,0,1,102,102.0000,0.0000,0.0000,1,1,NORMAL
fe80:0:0:0:4248:6eff:fe16:d890,fe80:0:0:0:b738:486f:a550:14c3,53,61534,UDP,0,1,166,166.0000,0.0000,0.0000,1,1,NORMAL
fe80:0:0:0:4248:6eff:fe16:d890,fe80:0:0:0:b738:486f:a550:14c3,53,54252,UDP,0,1,122,122.0000,0.0000,0.0000,1,1,NORMAL
fe80:0:0:0:4248:6eff:fe16:d890,fe80:0:0:0:b738:486f:a550:14c3,53,60345,UDP,0,1,134,134.0000,0.0000,0.0000,1,1,NORMAL
2401:4900:88de:8752:d19f:19d:33e3:938,2404:6800:4002:827:0:0:0:2006,64603,443,UDP,260,13,6458,496.7692,50.0000,24838.4615,13,16,NORMAL
192.168.1.7,34.54.84.110,65171,443,TCP,0,1,55,55.0000,0.0000,0.0000,1,1,NORMAL
34.54.84.110,192.168.1.7,443,65171,TCP,0,1,70,70.0000,0.0000,0.0000,1,1,NORMAL
192.168.1.4,192.168.1.255,41357,15600,UDP,0,1,77,77.0000,0.0000,0.0000,1,0,NORMAL
2404:6800:4002:827:0:0:0:2006,2401:4900:88de:8752:d19f:19d:33e3:938,443,64603,UDP,248,16,10352,647.0000,64.5161,41741.9355,16,13,NORMAL
fe80:0:0:0:b738:486f:a550:14c3,fe80:0:0:0:4248:6eff:fe16:d890,56075,53,UDP,0,1,116,116.0000,0.0000,0.0000,1,1,NORMAL
fe80:0:0:0:b738:486f:a550:14c3,fe80:0:0:0:4248:6eff:fe16:d890,56193,53,UDP,0,1,116,116.0000,0.0000,0.0000,1,1,NORMAL
fe80:0:0:0:b738:486f:a550:14c3,fe80:0:0:0:4248:6eff:fe16:d890,55778,53,UDP,0,1,116,116.0000,0.0000,0.0000,1,1,NORMAL
fe80:0:0:0:4248:6eff:fe16:d890,fe80:0:0:0:b738:486f:a550:14c3,53,56075,UDP,0,1,210,210.0000,0.0000,0.0000,1,1,NORMAL
fe80:0:0:0:4248:6eff:fe16:d890,fe80:0:0:0:b738:486f:a550:14c3,53,55778,UDP,0,1,169,169.0000,0.0000,0.0000,1,1,NORMAL
fe80:0:0:0:4248:6eff:fe16:d890,fe80:0:0:0:b738:486f:a550:14c3,53,56193,UDP,0,1,181,181.0000,0.0000,0.0000,1,1,NORMAL
2401:4900:88de:8752:d19f:19d:33e3:938,2404:a800:6:147:0:0:0:e,50713,443,UDP,249,103,16832,163.4175,413.6546,67598.3936,103,530,NORMAL
2404:a800:6:147:0:0:0:e,2401:4900:88de:8752:d19f:19d:33e3:938,443,50713,UDP,244,530,677838,1278.9396,2172.1311,2778024.5902,530,103,NORMAL
192.168.1.7,140.82.112.26,52025,443,TCP,309,4,599,149.7500,12.9450,1938.5113,4,4,NORMAL
140.82.112.26,192.168.1.7,443,52025,TCP,59,4,329,82.2500,67.7966,5576.2712,4,4,NORMAL
2401:4900:88de:8752:d19f:19d:33e3:938,2404:6800:4002:82a:0:0:0:2001,58416,443,TCP,72,3,246,82.0000,41.6667,3416.6667,3,2,NORMAL
2404:6800:4002:82a:0:0:0:2001,2401:4900:88de:8752:d19f:19d:33e3:938,443,58416,TCP,7,2,156,78.0000,285.7143,22285.7143,2,3,NORMAL
192.168.1.4,239.255.255.250,48385,15600,UDP,0,1,77,77.0000,0.0000,0.0000,1,0,NORMAL
2401:4900:88de:8752:d19f:19d:33e3:938,2600:1417:20:18f:0:0:0:3114,54354,443,TCP,0,1,75,75.0000,0.0000,0.0000,1,1,NORMAL
2600:1417:20:18f:0:0:0:3114,2401:4900:88de:8752:d19f:19d:33e3:938,443,54354,TCP,0,1,90,90.0000,0.0000,0.0000,1,1,NORMAL
fe80:0:0:0:b738:486f:a550:14c3,fe80:0:0:0:4248:6eff:fe16:d890,55582,53,UDP,0,1,90,90.0000,0.0000,0.0000,1,1,NORMAL
fe80:0:0:0:b738:486f:a550:14c3,fe80:0:0:0:4248:6eff:fe16:d890,59830,53,UDP,0,1,90,90.0000,0.0000,0.0000,1,1,NORMAL
fe80:0:0:0:b738:486f:a550:14c3,fe80:0:0:0:4248:6eff:fe16:d890,50536,53,UDP,0,1,90,90.0000,0.0000,0.0000,1,1,NORMAL
fe80:0:0:0:4248:6eff:fe16:d890,fe80:0:0:0:b738:486f:a550:14c3,53,55582,UDP,0,1,178,178.0000,0.0000,0.0000,1,1,NORMAL
fe80:0:0:0:4248:6eff:fe16:d890,fe80:0:0:0:b738:486f:a550:14c3,53,59830,UDP,0,1,159,159.0000,0.0000,0.0000,1,1,NORMAL
fe80:0:0:0:4248:6eff:fe16:d890,fe80:0:0:0:b738:486f:a550:14c3,53,50536,UDP,0,1,333,333.0000,0.0000,0.0000,1,1,NORMAL
192.168.1.7,20.207.73.82,53469,443,TCP,7632,9,2384,264.8889,1.1792,312.3690,9,8,NORMAL
20.207.73.82,192.168.1.7,443,53469,TCP,7636,8,3755,469.3750,1.0477,491.7496,8,9,NORMAL
fe80:0:0:0:b738:486f:a550:14c3,fe80:0:0:0:4248:6eff:fe16:d890,58598,53,UDP,0,1,94,94.0000,0.0000,0.0000,1,1,NORMAL
fe80:0:0:0:b738:486f:a550:14c3,fe80:0:0:0:4248:6eff:fe16:d890,57756,53,UDP,0,1,94,94.0000,0.0000,0.0000,1,1,NORMAL
fe80:0:0:0:b738:486f:a550:14c3,fe80:0:0:0:4248:6eff:fe16:d890,49830,53,UDP,0,1,94,94.0000,0.0000,0.0000,1,1,NORMAL
fe80:0:0:0:4248:6eff:fe16:d890,fe80:0:0:0:b738:486f:a550:14c3,53,58598,UDP,0,1,169,169.0000,0.0000,0.0000,1,1,NORMAL
fe80:0:0:0:4248:6eff:fe16:d890,fe80:0:0:0:b738:486f:a550:14c3,53,57756,UDP,0,1,147,147.0000,0.0000,0.0000,1,1,NORMAL
fe80:0:0:0:4248:6eff:fe16:d890,fe80:0:0:0:b738:486f:a550:14c3,53,49830,UDP,0,1,135,135.0000,0.0000,0.0000,1,1,NORMAL
2401:4900:88de:8752:d19f:19d:33e3:938,2404:6800:4007:808:0:0:0:200e,62279,443,UDP,266,26,11225,431.7308,97.7444,42199.2481,26,38,NORMAL
2404:6800:4007:808:0:0:0:200e,2401:4900:88de:8752:d19f:19d:33e3:938,443,62279,UDP,235,38,37449,985.5000,161.7021,159357.4468,38,26,NORMAL
192.168.1.4,192.168.1.255,47276,15600,UDP,0,1,77,77.0000,0.0000,0.0000,1,0,NORMAL
2401:4900:88de:8752:d19f:19d:33e3:938,2404:6800:4007:808:0:0:0:200e,63718,443,TCP,220,7,2430,347.1429,31.8182,11045.4545,7,7,NORMAL
2404:6800:4007:808:0:0:0:200e,2401:4900:88de:8752:d19f:19d:33e3:938,443,63718,TCP,129,7,6584,940.5714,54.2636,51038.7597,7,7,NORMAL
fe80:0:0:0:b738:486f:a550:14c3,fe80:0:0:0:4248:6eff:fe16:d890,64131,53,UDP,0,1,95,95.0000,0.0000,0.0000,1,1,NORMAL
fe80:0:0:0:b738:486f:a550:14c3,fe80:0:0:0:4248:6eff:fe16:d890,60340,53,UDP,0,1,95,95.0000,0.0000,0.0000,1,1,NORMAL
fe80:0:0:0:b738:486f:a550:14c3,fe80:0:0:0:4248:6eff:fe16:d890,51493,53,UDP,0,1,95,95.0000,0.0000,0.0000,1,1,NORMAL
fe80:0:0:0:4248:6eff:fe16:d890,fe80:0:0:0:b738:486f:a550:14c3,53,64131,UDP,0,1,156,156.0000,0.0000,0.0000,1,1,NORMAL
fe80:0:0:0:4248:6eff:fe16:d890,fe80:0:0:0:b738:486f:a550:14c3,53,60340,UDP,0,1,127,127.0000,0.0000,0.0000,1,1,NORMAL
fe80:0:0:0:4248:6eff:fe16:d890,fe80:0:0:0:b738:486f:a550:14c3,53,51493,UDP,0,1,115,115.0000,0.0000,0.0000,1,1,NORMAL
2401:4900:88de:8752:d19f:19d:33e3:938,2404:6800:4007:80e:0:0:0:2003,50560,443,UDP,193,22,9153,416.0455,113.9896,47424.8705,22,36,NORMAL
2404:6800:4007:80e:0:0:0:2003,2401:4900:88de:8752:d19f:19d:33e3:938,443,50560,UDP,153,36,35790,994.1667,235.2941,233921.5686,36,22,NORMAL
fe80:0:0:0:b738:486f:a550:14c3,fe80:0:0:0:4248:6eff:fe16:d890,64239,53,UDP,0,1,95,95.0000,0.0000,0.0000,1,1,NORMAL
fe80:0:0:0:b738:486f:a550:14c3,fe80:0:0:0:4248:6eff:fe16:d890,56706,53,UDP,0,1,95,95.0000,0.0000,0.0000,1,1,NORMAL
fe80:0:0:0:b738:486f:a550:14c3,fe80:0:0:0:4248:6eff:fe16:d890,62125,53,UDP,0,1,95,95.0000,0.0000,0.0000,1,1,NORMAL
fe80:0:0:0:b738:486f:a550:14c3,fe80:0:0:0:4248:6eff:fe16:d890,50307,53,UDP,0,1,100,100.0000,0.0000,0.0000,1,1,NORMAL
fe80:0:0:0:b738:486f:a550:14c3,fe80:0:0:0:4248:6eff:fe16:d890,55134,53,UDP,0,1,100,100.0000,0.0000,0.0000,1,1,NORMAL
fe80:0:0:0:b738:486f:a550:14c3,fe80:0:0:0:4248:6eff:fe16:d890,54335,53,UDP,0,1,100,100.0000,0.0000,0.0000,1,1,NORMAL
fe80:0:0:0:b738:486f:a550:14c3,fe80:0:0:0:4248:6eff:fe16:d890,54634,53,UDP,0,1,101,101.0000,0.0000,0.0000,1,1,NORMAL
fe80:0:0:0:b738:486f:a550:14c3,fe80:0:0:0:4248:6eff:fe16:d890,61280,53,UDP,0,1,101,101.0000,0.0000,0.0000,1,1,NORMAL
fe80:0:0:0:b738:486f:a550:14c3,fe80:0:0:0:4248:6eff:fe16:d890,52733,53,UDP,0,1,101,101.0000,0.0000,0.0000,1,1,NORMAL
fe80:0:0:0:4248:6eff:fe16:d890,fe80:0:0:0:b738:486f:a550:14c3,53,64239,UDP,0,1,149,149.0000,0.0000,0.0000,1,1,NORMAL
fe80:0:0:0:4248:6eff:fe16:d890,fe80:0:0:0:b738:486f:a550:14c3,53,56706,UDP,0,1,211,211.0000,0.0000,0.0000,1,1,NORMAL
fe80:0:0:0:4248:6eff:fe16:d890,fe80:0:0:0:b738:486f:a550:14c3,53,62125,UDP,0,1,163,163.0000,0.0000,0.0000,1,1,NORMAL
2401:4900:88de:8752:d19f:19d:33e3:938,2404:6800:4013:807:0:0:0:53,62345,443,TCP,17752,1093,744664,681.3028,61.5705,41948.1749,1093,1319,NORMAL
fe80:0:0:0:b738:486f:a550:14c3,fe80:0:0:0:4248:6eff:fe16:d890,52633,53,UDP,0,1,97,97.0000,0.0000,0.0000,1,1,NORMAL
fe80:0:0:0:b738:486f:a550:14c3,fe80:0:0:0:4248:6eff:fe16:d890,60753,53,UDP,0,1,97,97.0000,0.0000,0.0000,1,1,NORMAL
fe80:0:0:0:b738:486f:a550:14c3,fe80:0:0:0:4248:6eff:fe16:d890,53022,53,UDP,0,1,97,97.0000,0.0000,0.0000,1,1,NORMAL
fe80:0:0:0:4248:6eff:fe16:d890,fe80:0:0:0:b738:486f:a550:14c3,53,50307,UDP,0,1,182,182.0000,0.0000,0.0000,1,1,NORMAL
fe80:0:0:0:4248:6eff:fe16:d890,fe80:0:0:0:b738:486f:a550:14c3,53,55134,UDP,0,1,160,160.0000,0.0000,0.0000,1,1,NORMAL
fe80:0:0:0:4248:6eff:fe16:d890,fe80:0:0:0:b738:486f:a550:14c3,53,54634,UDP,0,1,196,196.0000,0.0000,0.0000,1,1,NORMAL
fe80:0:0:0:4248:6eff:fe16:d890,fe80:0:0:0:b738:486f:a550:14c3,53,61280,UDP,0,1,174,174.0000,0.0000,0.0000,1,1,NORMAL
fe80:0:0:0:4248:6eff:fe16:d890,fe80:0:0:0:b738:486f:a550:14c3,53,54335,UDP,0,1,148,148.0000,0.0000,0.0000,1,1,NORMAL
fe80:0:0:0:b738:486f:a550:14c3,fe80:0:0:0:4248:6eff:fe16:d890,57793,53,UDP,0,1,95,95.0000,0.0000,0.0000,1,1,NORMAL
fe80:0:0:0:b738:486f:a550:14c3,fe80:0:0:0:4248:6eff:fe16:d890,54197,53,UDP,0,1,95,95.0000,0.0000,0.0000,1,1,NORMAL
fe80:0:0:0:b738:486f:a550:14c3,fe80:0:0:0:4248:6eff:fe16:d890,50335,53,UDP,0,1,95,95.0000,0.0000,0.0000,1,1,NORMAL
fe80:0:0:0:4248:6eff:fe16:d890,fe80:0:0:0:b738:486f:a550:14c3,53,52733,UDP,0,1,162,162.0000,0.0000,0.0000,1,1,NORMAL
fe80:0:0:0:b738:486f:a550:14c3,fe80:0:0:0:4248:6eff:fe16:d890,54775,53,UDP,6036,2,213,106.5000,0.3313,35.2883,2,2,NORMAL
fe80:0:0:0:b738:486f:a550:14c3,fe80:0:0:0:4248:6eff:fe16:d890,65139,53,UDP,0,1,100,100.0000,0.0000,0.0000,1,1,NORMAL
fe80:0:0:0:b738:486f:a550:14c3,fe80:0:0:0:4248:6eff:fe16:d890,64476,53,UDP,0,1,100,100.0000,0.0000,0.0000,1,1,NORMAL
fe80:0:0:0:4248:6eff:fe16:d890,fe80:0:0:0:b738:486f:a550:14c3,53,52633,UDP,0,1,126,126.0000,0.0000,0.0000,1,1,NORMAL
fe80:0:0:0:4248:6eff:fe16:d890,fe80:0:0:0:b738:486f:a550:14c3,53,60753,UDP,0,1,129,129.0000,0.0000,0.0000,1,1,NORMAL
fe80:0:0:0:4248:6eff:fe16:d890,fe80:0:0:0:b738:486f:a550:14c3,53,53022,UDP,0,1,117,117.0000,0.0000,0.0000,1,1,NORMAL
fe80:0:0:0:4248:6eff:fe16:d890,fe80:0:0:0:b738:486f:a550:14c3,53,57793,UDP,0,1,156,156.0000,0.0000,0.0000,1,1,NORMAL
fe80:0:0:0:4248:6eff:fe16:d890,fe80:0:0:0:b738:486f:a550:14c3,53,54197,UDP,0,1,127,127.0000,0.0000,0.0000,1,1,NORMAL
fe80:0:0:0:4248:6eff:fe16:d890,fe80:0:0:0:b738:486f:a550:14c3,53,50335,UDP,0,1,115,115.0000,0.0000,0.0000,1,1,NORMAL
2404:6800:4013:807:0:0:0:53,2401:4900:88de:8752:d19f:19d:33e3:938,443,62345,TCP,14301,1319,5821153,4413.3078,92.2313,407045.1717,1319,1093,NORMAL
fe80:0:0:0:4248:6eff:fe16:d890,fe80:0:0:0:b738:486f:a550:14c3,53,54775,UDP,6033,2,294,147.0000,0.3315,48.7320,2,2,NORMAL
fe80:0:0:0:4248:6eff:fe16:d890,fe80:0:0:0:b738:486f:a550:14c3,53,65139,UDP,0,1,132,132.0000,0.0000,0.0000,1,1,NORMAL
fe80:0:0:0:4248:6eff:fe16:d890,fe80:0:0:0:b738:486f:a550:14c3,53,64476,UDP,0,1,120,120.0000,0.0000,0.0000,1,1,NORMAL
192.168.1.7,34.54.84.110,63952,443,TCP,0,1,55,55.0000,0.0000,0.0000,1,1,NORMAL
34.54.84.110,192.168.1.7,443,63952,TCP,0,1,70,70.0000,0.0000,0.0000,1,1,NORMAL
2401:4900:88de:8752:d19f:19d:33e3:938,2a03:2880:f369:120:face:b00c:0:167,62941,443,TCP,346,2,217,108.5000,5.7803,627.1676,2,2,NORMAL
2a03:2880:f369:120:face:b00c:0:167,2401:4900:88de:8752:d19f:19d:33e3:938,443,62941,TCP,277,2,227,113.5000,7.2202,819.4946,2,2,NORMAL
fe80:0:0:0:b738:486f:a550:14c3,fe80:0:0:0:4248:6eff:fe16:d890,59697,53,UDP,0,1,94,94.0000,0.0000,0.0000,1,1,NORMAL
fe80:0:0:0:b738:486f:a550:14c3,fe80:0:0:0:4248:6eff:fe16:d890,64964,53,UDP,0,1,94,94.0000,0.0000,0.0000,1,1,NORMAL
fe80:0:0:0:b738:486f:a550:14c3,fe80:0:0:0:4248:6eff:fe16:d890,53074,53,UDP,0,1,94,94.0000,0.0000,0.0000,1,1,NORMAL
fe80:0:0:0:b738:486f:a550:14c3,fe80:0:0:0:4248:6eff:fe16:d890,61812,53,UDP,0,1,95,95.0000,0.0000,0.0000,1,1,NORMAL
fe80:0:0:0:b738:486f:a550:14c3,fe80:0:0:0:4248:6eff:fe16:d890,49153,53,UDP,0,1,95,95.0000,0.0000,0.0000,1,1,NORMAL
fe80:0:0:0:b738:486f:a550:14c3,fe80:0:0:0:4248:6eff:fe16:d890,51666,53,UDP,0,1,95,95.0000,0.0000,0.0000,1,1,NORMAL
fe80:0:0:0:4248:6eff:fe16:d890,fe80:0:0:0:b738:486f:a550:14c3,53,59697,UDP,0,1,168,168.0000,0.0000,0.0000,1,1,NORMAL
fe80:0:0:0:4248:6eff:fe16:d890,fe80:0:0:0:b738:486f:a550:14c3,53,64964,UDP,0,1,146,146.0000,0.0000,0.0000,1,1,NORMAL
fe80:0:0:0:4248:6eff:fe16:d890,fe80:0:0:0:b738:486f:a550:14c3,53,53074,UDP,0,1,214,214.0000,0.0000,0.0000,1,1,NORMAL
fe80:0:0:0:4248:6eff:fe16:d890,fe80:0:0:0:b738:486f:a550:14c3,53,61812,UDP,0,1,156,156.0000,0.0000,0.0000,1,1,NORMAL
2401:4900:88de:8752:d19f:19d:33e3:938,2404:6800:4007:834:0:0:0:200e,58085,443,UDP,172,13,8124,624.9231,75.5814,47232.5581,13,16,NORMAL
fe80:0:0:0:4248:6eff:fe16:d890,fe80:0:0:0:b738:486f:a550:14c3,53,49153,UDP,0,1,127,127.0000,0.0000,0.0000,1,1,NORMAL
fe80:0:0:0:4248:6eff:fe16:d890,fe80:0:0:0:b738:486f:a550:14c3,53,51666,UDP,0,1,115,115.0000,0.0000,0.0000,1,1,NORMAL
2401:4900:88de:8752:d19f:19d:33e3:938,2404:6800:4007:82f:0:0:0:2003,58734,443,UDP,6193,16,6467,404.1875,2.5836,1044.2435,16,23,NORMAL
2404:6800:4007:82f:0:0:0:2003,2401:4900:88de:8752:d19f:19d:33e3:938,443,58734,UDP,6218,23,14953,650.1304,3.6989,2404.7925,23,16,NORMAL
2404:6800:4007:834:0:0:0:200e,2401:4900:88de:8752:d19f:19d:33e3:938,443,58085,UDP,161,16,11312,707.0000,99.3789,70260.8696,16,13,NORMAL
192.168.1.7,20.184.175.2,58409,443,TCP,317,2,108,54.0000,6.3091,340.6940,2,1,NORMAL
2401:4900:88de:8752:d19f:19d:33e3:938,2603:1063:2001:191d:0:0:365:ff1,58408,443,TCP,49,2,148,74.0000,40.8163,3020.4082,2,1,NORMAL
2401:4900:88de:8752:d19f:19d:33e3:938,2603:1063:10:146:0:0:365:7ea3,58403,443,TCP,50,2,148,74.0000,40.0000,2960.0000,2,1,NORMAL
2603:1063:2001:191d:0:0:365:ff1,2401:4900:88de:8752:d19f:19d:33e3:938,443,58408,TCP,0,1,78,78.0000,0.0000,0.0000,1,2,NORMAL
2603:1063:10:146:0:0:365:7ea3,2401:4900:88de:8752:d19f:19d:33e3:938,443,58403,TCP,0,1,78,78.0000,0.0000,0.0000,1,2,NORMAL
fe80:0:0:0:b738:486f:a550:14c3,fe80:0:0:0:4248:6eff:fe16:d890,63949,53,UDP,0,1,105,105.0000,0.0000,0.0000,1,1,NORMAL
fe80:0:0:0:b738:486f:a550:14c3,fe80:0:0:0:4248:6eff:fe16:d890,56847,53,UDP,0,1,105,105.0000,0.0000,0.0000,1,1,NORMAL
fe80:0:0:0:b738:486f:a550:14c3,fe80:0:0:0:4248:6eff:fe16:d890,56105,53,UDP,0,1,105,105.0000,0.0000,0.0000,1,1,NORMAL
fe80:0:0:0:4248:6eff:fe16:d890,fe80:0:0:0:b738:486f:a550:14c3,53,63949,UDP,0,1,195,195.0000,0.0000,0.0000,1,1,NORMAL
fe80:0:0:0:4248:6eff:fe16:d890,fe80:0:0:0:b738:486f:a550:14c3,53,56105,UDP,0,1,154,154.0000,0.0000,0.0000,1,1,NORMAL
fe80:0:0:0:4248:6eff:fe16:d890,fe80:0:0:0:b738:486f:a550:14c3,53,56847,UDP,0,1,166,166.0000,0.0000,0.0000,1,1,NORMAL
2401:4900:88de:8752:d19f:19d:33e3:938,2404:6800:4007:817:0:0:0:2001,64513,443,UDP,200,10,6509,650.9000,50.0000,32545.0000,10,14,NORMAL
2404:6800:4007:817:0:0:0:2001,2401:4900:88de:8752:d19f:19d:33e3:938,443,64513,UDP,172,14,10133,723.7857,81.3953,58912.7907,14,10,NORMAL
20.184.175.2,192.168.1.7,443,58409,TCP,0,1,58,58.0000,0.0000,0.0000,1,2,NORMAL
2401:4900:88de:8752:d19f:19d:33e3:938,2404:6800:4007:817:0:0:0:2001,58190,443,TCP,185,9,2493,277.0000,48.6486,13475.6757,9,7,NORMAL
2404:6800:4007:817:0:0:0:2001,2401:4900:88de:8752:d19f:19d:33e3:938,443,58190,TCP,108,7,11207,1601.0000,64.8148,103768.5185,7,9,NORMAL
fe80:0:0:0:b738:486f:a550:14c3,fe80:0:0:0:4248:6eff:fe16:d890,52269,53,UDP,0,1,108,108.0000,0.0000,0.0000,1,1,NORMAL
fe80:0:0:0:b738:486f:a550:14c3,fe80:0:0:0:4248:6eff:fe16:d890,57074,53,UDP,0,1,108,108.0000,0.0000,0.0000,1,1,NORMAL
fe80:0:0:0:b738:486f:a550:14c3,fe80:0:0:0:4248:6eff:fe16:d890,61411,53,UDP,0,1,108,108.0000,0.0000,0.0000,1,1,NORMAL
fe80:0:0:0:b738:486f:a550:14c3,fe80:0:0:0:4248:6eff:fe16:d890,51229,53,UDP,0,1,106,106.0000,0.0000,0.0000,1,1,NORMAL
fe80:0:0:0:b738:486f:a550:14c3,fe80:0:0:0:4248:6eff:fe16:d890,50413,53,UDP,0,1,106,106.0000,0.0000,0.0000,1,1,NORMAL
fe80:0:0:0:b738:486f:a550:14c3,fe80:0:0:0:4248:6eff:fe16:d890,64965,53,UDP,0,1,106,106.0000,0.0000,0.0000,1,1,NORMAL
fe80:0:0:0:4248:6eff:fe16:d890,fe80:0:0:0:b738:486f:a550:14c3,53,52269,UDP,0,1,162,162.0000,0.0000,0.0000,1,1,NORMAL
fe80:0:0:0:4248:6eff:fe16:d890,fe80:0:0:0:b738:486f:a550:14c3,53,57074,UDP,0,1,140,140.0000,0.0000,0.0000,1,1,NORMAL
fe80:0:0:0:4248:6eff:fe16:d890,fe80:0:0:0:b738:486f:a550:14c3,53,61411,UDP,0,1,128,128.0000,0.0000,0.0000,1,1,NORMAL
fe80:0:0:0:4248:6eff:fe16:d890,fe80:0:0:0:b738:486f:a550:14c3,53,51229,UDP,0,1,160,160.0000,0.0000,0.0000,1,1,NORMAL
2401:4900:88de:8752:d19f:19d:33e3:938,2404:6800:4007:804:0:0:0:200a,55696,443,UDP,466,13,8808,677.5385,27.8970,18901.2876,13,15,NORMAL
fe80:0:0:0:4248:6eff:fe16:d890,fe80:0:0:0:b738:486f:a550:14c3,53,50413,UDP,0,1,138,138.0000,0.0000,0.0000,1,1,NORMAL
fe80:0:0:0:4248:6eff:fe16:d890,fe80:0:0:0:b738:486f:a550:14c3,53,64965,UDP,0,1,126,126.0000,0.0000,0.0000,1,1,NORMAL
2401:4900:88de:8752:d19f:19d:33e3:938,2404:6800:4007:805:0:0:0:200a,55094,443,UDP,5271,43,17102,397.7209,8.1578,3244.5456,43,60,NORMAL
2404:6800:4007:805:0:0:0:200a,2401:4900:88de:8752:d19f:19d:33e3:938,443,55094,UDP,5296,60,48264,804.4000,11.3293,9113.2931,60,43,NORMAL
2404:6800:4007:804:0:0:0:200a,2401:4900:88de:8752:d19f:19d:33e3:938,443,55696,UDP,485,15,10097,673.1333,30.9278,20818.5567,15,13,NORMAL
2401:4900:88de:8752:d19f:19d:33e3:938,2404:6800:4007:805:0:0:0:200a,50121,443,TCP,197,9,2606,289.5556,45.6853,13228.4264,9,7,NORMAL
2404:6800:4007:805:0:0:0:200a,2401:4900:88de:8752:d19f:19d:33e3:938,443,50121,TCP,109,7,11168,1595.4286,64.2202,102458.7156,7,9,NORMAL
192.168.1.4,239.255.255.250,60028,15600,UDP,0,1,77,77.0000,0.0000,0.0000,1,0,NORMAL
2401:4900:88de:8752:d19f:19d:33e3:938,2404:6800:4009:81f:0:0:0:200a,63190,443,UDP,282,7,4418,631.1429,24.8227,15666.6667,7,11,NORMAL
fe80:0:0:0:b738:486f:a550:14c3,fe80:0:0:0:4248:6eff:fe16:d890,65402,53,UDP,0,1,118,118.0000,0.0000,0.0000,1,1,NORMAL
fe80:0:0:0:b738:486f:a550:14c3,fe80:0:0:0:4248:6eff:fe16:d890,60933,53,UDP,0,1,118,118.0000,0.0000,0.0000,1,1,NORMAL
fe80:0:0:0:b738:486f:a550:14c3,fe80:0:0:0:4248:6eff:fe16:d890,65468,53,UDP,0,1,118,118.0000,0.0000,0.0000,1,1,NORMAL
fe80:0:0:0:b738:486f:a550:14c3,fe80:0:0:0:4248:6eff:fe16:d890,64030,53,UDP,0,1,118,118.0000,0.0000,0.0000,1,1,NORMAL
fe80:0:0:0:b738:486f:a550:14c3,fe80:0:0:0:4248:6eff:fe16:d890,53049,53,UDP,0,1,118,118.0000,0.0000,0.0000,1,1,NORMAL
fe80:0:0:0:b738:486f:a550:14c3,fe80:0:0:0:4248:6eff:fe16:d890,49569,53,UDP,0,1,118,118.0000,0.0000,0.0000,1,1,NORMAL
2404:6800:4009:81f:0:0:0:200a,2401:4900:88de:8752:d19f:19d:33e3:938,443,63190,UDP,148,11,9499,863.5455,74.3243,64182.4324,11,7,NORMAL
fe80:0:0:0:4248:6eff:fe16:d890,fe80:0:0:0:b738:486f:a550:14c3,53,65468,UDP,0,1,138,138.0000,0.0000,0.0000,1,1,NORMAL
fe80:0:0:0:4248:6eff:fe16:d890,fe80:0:0:0:b738:486f:a550:14c3,53,49569,UDP,0,1,138,138.0000,0.0000,0.0000,1,1,NORMAL
fe80:0:0:0:4248:6eff:fe16:d890,fe80:0:0:0:b738:486f:a550:14c3,53,65402,UDP,0,1,172,172.0000,0.0000,0.0000,1,1,NORMAL
fe80:0:0:0:4248:6eff:fe16:d890,fe80:0:0:0:b738:486f:a550:14c3,53,64030,UDP,0,1,172,172.0000,0.0000,0.0000,1,1,NORMAL
fe80:0:0:0:4248:6eff:fe16:d890,fe80:0:0:0:b738:486f:a550:14c3,53,60933,UDP,0,1,150,150.0000,0.0000,0.0000,1,1,NORMAL
fe80:0:0:0:4248:6eff:fe16:d890,fe80:0:0:0:b738:486f:a550:14c3,53,53049,UDP,0,1,150,150.0000,0.0000,0.0000,1,1,NORMAL
fe80:0:0:0:b738:486f:a550:14c3,fe80:0:0:0:4248:6eff:fe16:d890,54595,53,UDP,0,1,118,118.0000,0.0000,0.0000,1,1,NORMAL
fe80:0:0:0:b738:486f:a550:14c3,fe80:0:0:0:4248:6eff:fe16:d890,58785,53,UDP,0,1,118,118.0000,0.0000,0.0000,1,1,NORMAL
fe80:0:0:0:b738:486f:a550:14c3,fe80:0:0:0:4248:6eff:fe16:d890,62411,53,UDP,0,1,118,118.0000,0.0000,0.0000,1,1,NORMAL
fe80:0:0:0:4248:6eff:fe16:d890,fe80:0:0:0:b738:486f:a550:14c3,53,54595,UDP,0,1,172,172.0000,0.0000,0.0000,1,1,NORMAL
fe80:0:0:0:4248:6eff:fe16:d890,fe80:0:0:0:b738:486f:a550:14c3,53,58785,UDP,0,1,150,150.0000,0.0000,0.0000,1,1,NORMAL
fe80:0:0:0:4248:6eff:fe16:d890,fe80:0:0:0:b738:486f:a550:14c3,53,62411,UDP,0,1,138,138.0000,0.0000,0.0000,1,1,NORMAL
2401:4900:88de:8752:d19f:19d:33e3:938,2404:6800:4002:830:0:0:0:200a,53003,443,UDP,402,15,8934,595.6000,37.3134,22223.8806,15,15,NORMAL
2404:6800:4002:830:0:0:0:200a,2401:4900:88de:8752:d19f:19d:33e3:938,443,53003,UDP,421,15,10142,676.1333,35.6295,24090.2613,15,15,NORMAL
fe80:0:0:0:b738:486f:a550:14c3,fe80:0:0:0:4248:6eff:fe16:d890,53327,53,UDP,0,1,99,99.0000,0.0000,0.0000,1,1,NORMAL
fe80:0:0:0:b738:486f:a550:14c3,fe80:0:0:0:4248:6eff:fe16:d890,64433,53,UDP,0,1,99,99.0000,0.0000,0.0000,1,1,NORMAL
fe80:0:0:0:b738:486f:a550:14c3,fe80:0:0:0:4248:6eff:fe16:d890,64257,53,UDP,0,1,99,99.0000,0.0000,0.0000,1,1,NORMAL
fe80:0:0:0:4248:6eff:fe16:d890,fe80:0:0:0:b738:486f:a550:14c3,53,53327,UDP,0,1,177,177.0000,0.0000,0.0000,1,1,NORMAL
fe80:0:0:0:4248:6eff:fe16:d890,fe80:0:0:0:b738:486f:a550:14c3,53,64433,UDP,0,1,155,155.0000,0.0000,0.0000,1,1,NORMAL
fe80:0:0:0:4248:6eff:fe16:d890,fe80:0:0:0:b738:486f:a550:14c3,53,64257,UDP,0,1,143,143.0000,0.0000,0.0000,1,1,NORMAL
2401:4900:88de:8752:d19f:19d:33e3:938,2404:6800:4007:80f:0:0:0:200e,56480,443,UDP,1051,12,8987,748.9167,11.4177,8550.9039,12,15,NORMAL
2404:6800:4007:80f:0:0:0:200e,2401:4900:88de:8752:d19f:19d:33e3:938,443,56480,UDP,1064,15,9859,657.2667,14.0977,9265.9774,15,12,NORMAL
fe80:0:0:0:b738:486f:a550:14c3,fe80:0:0:0:4248:6eff:fe16:d890,55552,53,UDP,0,1,109,109.0000,0.0000,0.0000,1,1,NORMAL
fe80:0:0:0:b738:486f:a550:14c3,fe80:0:0:0:4248:6eff:fe16:d890,60514,53,UDP,0,1,109,109.0000,0.0000,0.0000,1,1,NORMAL
fe80:0:0:0:b738:486f:a550:14c3,fe80:0:0:0:4248:6eff:fe16:d890,65045,53,UDP,0,1,109,109.0000,0.0000,0.0000,1,1,NORMAL
fe80:0:0:0:b738:486f:a550:14c3,fe80:0:0:0:4248:6eff:fe16:d890,55983,53,UDP,0,1,107,107.0000,0.0000,0.0000,1,1,NORMAL
fe80:0:0:0:b738:486f:a550:14c3,fe80:0:0:0:4248:6eff:fe16:d890,52754,53,UDP,0,1,107,107.0000,0.0000,0.0000,1,1,NORMAL
fe80:0:0:0:b738:486f:a550:14c3,fe80:0:0:0:4248:6eff:fe16:d890,59891,53,UDP,0,1,107,107.0000,0.0000,0.0000,1,1,NORMAL
fe80:0:0:0:4248:6eff:fe16:d890,fe80:0:0:0:b738:486f:a550:14c3,53,55552,UDP,0,1,163,163.0000,0.0000,0.0000,1,1,NORMAL
fe80:0:0:0:4248:6eff:fe16:d890,fe80:0:0:0:b738:486f:a550:14c3,53,65045,UDP,0,1,129,129.0000,0.0000,0.0000,1,1,NORMAL
fe80:0:0:0:4248:6eff:fe16:d890,fe80:0:0:0:b738:486f:a550:14c3,53,60514,UDP,0,1,141,141.0000,0.0000,0.0000,1,1,NORMAL
fe80:0:0:0:4248:6eff:fe16:d890,fe80:0:0:0:b738:486f:a550:14c3,53,55983,UDP,0,1,161,161.0000,0.0000,0.0000,1,1,NORMAL
fe80:0:0:0:4248:6eff:fe16:d890,fe80:0:0:0:b738:486f:a550:14c3,53,52754,UDP,0,1,139,139.0000,0.0000,0.0000,1,1,NORMAL
fe80:0:0:0:4248:6eff:fe16:d890,fe80:0:0:0:b738:486f:a550:14c3,53,59891,UDP,0,1,127,127.0000,0.0000,0.0000,1,1,NORMAL
2401:4900:88de:8752:d19f:19d:33e3:938,2404:6800:4007:81b:0:0:0:200a,55197,443,UDP,453,16,8776,548.5000,35.3201,19373.0684,16,16,NORMAL
2401:4900:88de:8752:d19f:19d:33e3:938,2404:6800:4007:80f:0:0:0:200e,60308,443,UDP,877,61,13245,217.1311,69.5553,15102.6226,61,119,NORMAL
2404:6800:4007:81b:0:0:0:200a,2401:4900:88de:8752:d19f:19d:33e3:938,443,55197,UDP,446,16,10718,669.8750,35.8744,24031.3901,16,16,NORMAL
2404:6800:4007:80f:0:0:0:200e,2401:4900:88de:8752:d19f:19d:33e3:938,443,60308,UDP,841,119,132712,1115.2269,141.4982,157802.6159,119,61,NORMAL
fe80:0:0:0:b738:486f:a550:14c3,fe80:0:0:0:4248:6eff:fe16:d890,65112,53,UDP,0,1,111,111.0000,0.0000,0.0000,1,1,NORMAL
fe80:0:0:0:b738:486f:a550:14c3,fe80:0:0:0:4248:6eff:fe16:d890,49701,53,UDP,0,1,111,111.0000,0.0000,0.0000,1,1,NORMAL
fe80:0:0:0:b738:486f:a550:14c3,fe80:0:0:0:4248:6eff:fe16:d890,61727,53,UDP,0,1,111,111.0000,0.0000,0.0000,1,1,NORMAL
fe80:0:0:0:4248:6eff:fe16:d890,fe80:0:0:0:b738:486f:a550:14c3,53,65112,UDP,0,1,172,172.0000,0.0000,0.0000,1,1,NORMAL
fe80:0:0:0:4248:6eff:fe16:d890,fe80:0:0:0:b738:486f:a550:14c3,53,61727,UDP,0,1,243,243.0000,0.0000,0.0000,1,1,NORMAL
fe80:0:0:0:4248:6eff:fe16:d890,fe80:0:0:0:b738:486f:a550:14c3,53,49701,UDP,0,1,339,339.0000,0.0000,0.0000,1,1,NORMAL
2401:4900:88de:8752:d19f:19d:33e3:938,2001:4860:4843:400:0:0:0:0,50292,443,UDP,3419,15,6139,409.2667,4.3872,1795.5543,15,21,NORMAL
2001:4860:4843:400:0:0:0:0,2401:4900:88de:8752:d19f:19d:33e3:938,443,50292,UDP,3411,21,9945,473.5714,6.1566,2915.5673,21,15,NORMAL
fe80:0:0:0:b738:486f:a550:14c3,fe80:0:0:0:4248:6eff:fe16:d890,65179,53,UDP,0,1,94,94.0000,0.0000,0.0000,1,1,NORMAL
fe80:0:0:0:b738:486f:a550:14c3,fe80:0:0:0:4248:6eff:fe16:d890,62565,53,UDP,0,1,94,94.0000,0.0000,0.0000,1,1,NORMAL
fe80:0:0:0:b738:486f:a550:14c3,fe80:0:0:0:4248:6eff:fe16:d890,52624,53,UDP,0,1,94,94.0000,0.0000,0.0000,1,1,NORMAL
fe80:0:0:0:4248:6eff:fe16:d890,fe80:0:0:0:b738:486f:a550:14c3,53,65179,UDP,0,1,123,123.0000,0.0000,0.0000,1,1,NORMAL
fe80:0:0:0:4248:6eff:fe16:d890,fe80:0:0:0:b738:486f:a550:14c3,53,62565,UDP,0,1,322,322.0000,0.0000,0.0000,1,1,NORMAL
fe80:0:0:0:4248:6eff:fe16:d890,fe80:0:0:0:b738:486f:a550:14c3,53,52624,UDP,0,1,226,226.0000,0.0000,0.0000,1,1,NORMAL
192.168.1.4,192.168.1.255,37590,15600,UDP,0,1,77,77.0000,0.0000,0.0000,1,0,NORMAL
fe80:0:0:0:b738:486f:a550:14c3,fe80:0:0:0:4248:6eff:fe16:d890,65180,53,UDP,0,1,113,113.0000,0.0000,0.0000,1,1,NORMAL
fe80:0:0:0:b738:486f:a550:14c3,fe80:0:0:0:4248:6eff:fe16:d890,51824,53,UDP,0,1,113,113.0000,0.0000,0.0000,1,1,NORMAL
fe80:0:0:0:4248:6eff:fe16:d890,fe80:0:0:0:b738:486f:a550:14c3,53,65180,UDP,0,1,167,167.0000,0.0000,0.0000,1,1,NORMAL
fe80:0:0:0:4248:6eff:fe16:d890,fe80:0:0:0:b738:486f:a550:14c3,53,51824,UDP,0,1,145,145.0000,0.0000,0.0000,1,1,NORMAL
2401:4900:88de:8752:d19f:19d:33e3:938,2404:6800:4013:813:0:0:0:5f,59343,443,UDP,2613,27,12198,451.7778,10.3330,4668.1975,27,30,NORMAL
2404:6800:4013:813:0:0:0:5f,2401:4900:88de:8752:d19f:19d:33e3:938,443,59343,UDP,2647,30,15521,517.3667,11.3336,5863.6192,30,27,NORMAL
2401:4900:88de:8752:d19f:19d:33e3:938,2404:6800:4013:813:0:0:0:5f,53897,443,TCP,273,9,2613,290.3333,32.9670,9571.4286,9,7,NORMAL
2404:6800:4013:813:0:0:0:5f,2401:4900:88de:8752:d19f:19d:33e3:938,443,53897,TCP,163,7,12494,1784.8571,42.9448,76650.3067,7,9,NORMAL
fe80:0:0:0:b738:486f:a550:14c3,fe80:0:0:0:4248:6eff:fe16:d890,62721,53,UDP,0,1,128,128.0000,0.0000,0.0000,1,1,NORMAL
fe80:0:0:0:b738:486f:a550:14c3,fe80:0:0:0:4248:6eff:fe16:d890,55193,53,UDP,0,1,128,128.0000,0.0000,0.0000,1,1,NORMAL
fe80:0:0:0:b738:486f:a550:14c3,fe80:0:0:0:4248:6eff:fe16:d890,51844,53,UDP,0,1,128,128.0000,0.0000,0.0000,1,1,NORMAL
fe80:0:0:0:b738:486f:a550:14c3,fe80:0:0:0:4248:6eff:fe16:d890,59707,53,UDP,0,1,114,114.0000,0.0000,0.0000,1,1,NORMAL
fe80:0:0:0:b738:486f:a550:14c3,fe80:0:0:0:4248:6eff:fe16:d890,51161,53,UDP,0,1,114,114.0000,0.0000,0.0000,1,1,NORMAL
fe80:0:0:0:b738:486f:a550:14c3,fe80:0:0:0:4248:6eff:fe16:d890,63001,53,UDP,0,1,114,114.0000,0.0000,0.0000,1,1,NORMAL
fe80:0:0:0:b738:486f:a550:14c3,fe80:0:0:0:4248:6eff:fe16:d890,54331,53,UDP,0,1,114,114.0000,0.0000,0.0000,1,1,NORMAL
fe80:0:0:0:b738:486f:a550:14c3,fe80:0:0:0:4248:6eff:fe16:d890,55613,53,UDP,0,1,114,114.0000,0.0000,0.0000,1,1,NORMAL
fe80:0:0:0:b738:486f:a550:14c3,fe80:0:0:0:4248:6eff:fe16:d890,63134,53,UDP,0,1,114,114.0000,0.0000,0.0000,1,1,NORMAL
fe80:0:0:0:4248:6eff:fe16:d890,fe80:0:0:0:b738:486f:a550:14c3,53,62721,UDP,0,1,182,182.0000,0.0000,0.0000,1,1,NORMAL
fe80:0:0:0:4248:6eff:fe16:d890,fe80:0:0:0:b738:486f:a550:14c3,53,55193,UDP,0,1,160,160.0000,0.0000,0.0000,1,1,NORMAL
fe80:0:0:0:4248:6eff:fe16:d890,fe80:0:0:0:b738:486f:a550:14c3,53,51844,UDP,0,1,148,148.0000,0.0000,0.0000,1,1,NORMAL
fe80:0:0:0:4248:6eff:fe16:d890,fe80:0:0:0:b738:486f:a550:14c3,53,59707,UDP,0,1,168,168.0000,0.0000,0.0000,1,1,NORMAL
fe80:0:0:0:4248:6eff:fe16:d890,fe80:0:0:0:b738:486f:a550:14c3,53,51161,UDP,0,1,146,146.0000,0.0000,0.0000,1,1,NORMAL
2401:4900:88de:8752:d19f:19d:33e3:938,2404:6800:4007:83a:0:0:0:200a,54610,443,UDP,255,16,8776,548.5000,62.7451,34415.6863,16,16,NORMAL
fe80:0:0:0:4248:6eff:fe16:d890,fe80:0:0:0:b738:486f:a550:14c3,53,63001,UDP,0,1,134,134.0000,0.0000,0.0000,1,1,NORMAL
2401:4900:88de:8752:d19f:19d:33e3:938,2404:6800:4013:804:0:0:0:5f,49588,443,UDP,2615,26,10769,414.1923,9.9426,4118.1644,26,30,NORMAL
fe80:0:0:0:4248:6eff:fe16:d890,fe80:0:0:0:b738:486f:a550:14c3,53,54331,UDP,0,1,168,168.0000,0.0000,0.0000,1,1,NORMAL
fe80:0:0:0:4248:6eff:fe16:d890,fe80:0:0:0:b738:486f:a550:14c3,53,55613,UDP,0,1,146,146.0000,0.0000,0.0000,1,1,NORMAL
fe80:0:0:0:4248:6eff:fe16:d890,fe80:0:0:0:b738:486f:a550:14c3,53,63134,UDP,0,1,134,134.0000,0.0000,0.0000,1,1,NORMAL
2401:4900:88de:8752:d19f:19d:33e3:938,2404:6800:4007:82f:0:0:0:200a,61254,443,UDP,407,15,9082,605.4667,36.8550,22314.4963,15,15,NORMAL
2404:6800:4007:83a:0:0:0:200a,2401:4900:88de:8752:d19f:19d:33e3:938,443,54610,UDP,242,16,10501,656.3125,66.1157,43392.5620,16,16,NORMAL
2404:6800:4007:82f:0:0:0:200a,2401:4900:88de:8752:d19f:19d:33e3:938,443,61254,UDP,422,15,9640,642.6667,35.5450,22843.6019,15,15,NORMAL
2401:4900:88de:8752:d19f:19d:33e3:938,2404:6800:4007:83a:0:0:0:200a,55731,443,TCP,197,9,2532,281.3333,45.6853,12852.7919,9,6,NORMAL
2401:4900:88de:8752:d19f:19d:33e3:938,2404:6800:4013:804:0:0:0:5f,54692,443,TCP,300,8,2444,305.5000,26.6667,8146.6667,8,6,NORMAL
2404:6800:4013:804:0:0:0:5f,2401:4900:88de:8752:d19f:19d:33e3:938,443,49588,UDP,2630,30,21565,718.8333,11.4068,8199.6198,30,26,NORMAL
2401:4900:88de:8752:d19f:19d:33e3:938,2404:6800:4007:82f:0:0:0:200a,63999,443,TCP,228,9,2582,286.8889,39.4737,11324.5614,9,7,NORMAL
2404:6800:4007:83a:0:0:0:200a,2401:4900:88de:8752:d19f:19d:33e3:938,443,55731,TCP,96,6,11157,1859.5000,62.5000,116218.7500,6,9,NORMAL
fe80:0:0:0:b738:486f:a550:14c3,fe80:0:0:0:4248:6eff:fe16:d890,50060,53,UDP,0,1,111,111.0000,0.0000,0.0000,1,1,NORMAL
fe80:0:0:0:b738:486f:a550:14c3,fe80:0:0:0:4248:6eff:fe16:d890,64958,53,UDP,0,1,111,111.0000,0.0000,0.0000,1,1,NORMAL
fe80:0:0:0:b738:486f:a550:14c3,fe80:0:0:0:4248:6eff:fe16:d890,52523,53,UDP,0,1,111,111.0000,0.0000,0.0000,1,1,NORMAL
2404:6800:4007:82f:0:0:0:200a,2401:4900:88de:8752:d19f:19d:33e3:938,443,63999,TCP,148,7,11192,1598.8571,47.2973,75621.6216,7,9,NORMAL
fe80:0:0:0:4248:6eff:fe16:d890,fe80:0:0:0:b738:486f:a550:14c3,53,50060,UDP,0,1,165,165.0000,0.0000,0.0000,1,1,NORMAL
2404:6800:4013:804:0:0:0:5f,2401:4900:88de:8752:d19f:19d:33e3:938,443,54692,TCP,171,6,12419,2069.8333,35.0877,72625.7310,6,8,NORMAL
fe80:0:0:0:4248:6eff:fe16:d890,fe80:0:0:0:b738:486f:a550:14c3,53,64958,UDP,0,1,143,143.0000,0.0000,0.0000,1,1,NORMAL
fe80:0:0:0:4248:6eff:fe16:d890,fe80:0:0:0:b738:486f:a550:14c3,53,52523,UDP,0,1,131,131.0000,0.0000,0.0000,1,1,NORMAL
2401:4900:88de:8752:d19f:19d:33e3:938,2600:140f:2400:0:0:0:173b:af42,53863,443,TCP,0,1,75,75.0000,0.0000,0.0000,1,1,NORMAL
2600:140f:2400:0:0:0:173b:af42,2401:4900:88de:8752:d19f:19d:33e3:938,443,53863,TCP,0,1,78,78.0000,0.0000,0.0000,1,1,NORMAL
2401:4900:88de:8752:d19f:19d:33e3:938,2404:6800:4013:813:0:0:0:5f,54410,443,UDP,1200,20,6706,335.3000,16.6667,5588.3333,20,22,NORMAL
2401:4900:88de:8752:d19f:19d:33e3:938,2404:6800:4013:813:0:0:0:5f,62819,443,TCP,293,9,2611,290.1111,30.7167,8911.2628,9,7,NORMAL
2404:6800:4013:813:0:0:0:5f,2401:4900:88de:8752:d19f:19d:33e3:938,443,54410,UDP,1193,22,11964,543.8182,18.4409,10028.4996,22,20,NORMAL
2404:6800:4013:813:0:0:0:5f,2401:4900:88de:8752:d19f:19d:33e3:938,443,62819,TCP,153,7,12489,1784.1429,45.7516,81627.4510,7,9,NORMAL
2401:4900:88de:8752:d19f:19d:33e3:938,2404:6800:4003:c02:0:0:0:bc,56040,5228,TCP,0,1,75,75.0000,0.0000,0.0000,1,1,NORMAL
2404:6800:4003:c02:0:0:0:bc,2401:4900:88de:8752:d19f:19d:33e3:938,5228,56040,TCP,0,1,90,90.0000,0.0000,0.0000,1,1,NORMAL
fe80:0:0:0:b738:486f:a550:14c3,fe80:0:0:0:4248:6eff:fe16:d890,58232,53,UDP,0,1,99,99.0000,0.0000,0.0000,1,1,NORMAL
fe80:0:0:0:b738:486f:a550:14c3,fe80:0:0:0:4248:6eff:fe16:d890,61856,53,UDP,0,1,99,99.0000,0.0000,0.0000,1,1,NORMAL
fe80:0:0:0:b738:486f:a550:14c3,fe80:0:0:0:4248:6eff:fe16:d890,52977,53,UDP,0,1,99,99.0000,0.0000,0.0000,1,1,NORMAL
fe80:0:0:0:4248:6eff:fe16:d890,fe80:0:0:0:b738:486f:a550:14c3,53,58232,UDP,0,1,174,174.0000,0.0000,0.0000,1,1,NORMAL
fe80:0:0:0:4248:6eff:fe16:d890,fe80:0:0:0:b738:486f:a550:14c3,53,61856,UDP,0,1,152,152.0000,0.0000,0.0000,1,1,NORMAL
fe80:0:0:0:4248:6eff:fe16:d890,fe80:0:0:0:b738:486f:a550:14c3,53,52977,UDP,0,1,140,140.0000,0.0000,0.0000,1,1,NORMAL
2401:4900:88de:8752:d19f:19d:33e3:938,2404:6800:4002:81a:0:0:0:200e,54397,443,UDP,401,19,8920,469.4737,47.3815,22244.3890,19,25,NORMAL
2404:6800:4002:81a:0:0:0:200e,2401:4900:88de:8752:d19f:19d:33e3:938,443,54397,UDP,406,25,24816,992.6400,61.5764,61123.1527,25,19,NORMAL
2401:4900:88de:8752:d19f:19d:33e3:938,2404:6800:4002:81a:0:0:0:200e,59006,443,TCP,259,7,2435,347.8571,27.0270,9401.5444,7,6,NORMAL
2404:6800:4002:81a:0:0:0:200e,2401:4900:88de:8752:d19f:19d:33e3:938,443,59006,TCP,154,6,7824,1304.0000,38.9610,50805.1948,6,7,NORMAL
192.168.1.4,239.255.255.250,34969,15600,UDP,0,1,77,77.0000,0.0000,0.0000,1,0,NORMAL
2401:4900:88de:8752:d19f:19d:33e3:938,2a03:2880:f36a:120:face:b00c:0:167,55335,443,UDP,337,13,7481,575.4615,38.5757,22198.8131,13,13,NORMAL
2a03:2880:f36a:120:face:b00c:0:167,2401:4900:88de:8752:d19f:19d:33e3:938,443,55335,UDP,357,13,8378,644.4615,36.4146,23467.7871,13,13,NORMAL
192.168.1.4,239.255.255.250,3955,1900,UDP,1127,20,7664,383.2000,17.7462,6800.3549,20,0,NORMAL
fe80:0:0:0:b738:486f:a550:14c3,fe80:0:0:0:4248:6eff:fe16:d890,49520,53,UDP,0,1,105,105.0000,0.0000,0.0000,1,1,NORMAL
fe80:0:0:0:b738:486f:a550:14c3,fe80:0:0:0:4248:6eff:fe16:d890,60582,53,UDP,0,1,105,105.0000,0.0000,0.0000,1,1,NORMAL
fe80:0:0:0:b738:486f:a550:14c3,fe80:0:0:0:4248:6eff:fe16:d890,61850,53,UDP,0,1,105,105.0000,0.0000,0.0000,1,1,NORMAL
fe80:0:0:0:4248:6eff:fe16:d890,fe80:0:0:0:b738:486f:a550:14c3,53,49520,UDP,0,1,166,166.0000,0.0000,0.0000,1,1,NORMAL
fe80:0:0:0:4248:6eff:fe16:d890,fe80:0:0:0:b738:486f:a550:14c3,53,60582,UDP,0,1,137,137.0000,0.0000,0.0000,1,1,NORMAL
fe80:0:0:0:4248:6eff:fe16:d890,fe80:0:0:0:b738:486f:a550:14c3,53,61850,UDP,0,1,125,125.0000,0.0000,0.0000,1,1,NORMAL
2401:4900:88de:8752:d19f:19d:33e3:938,2404:6800:4003:c03:0:0:0:84,60695,443,UDP,2321,331,38260,115.5891,142.6109,16484.2740,331,2445,NORMAL
2404:6800:4003:c03:0:0:0:84,2401:4900:88de:8752:d19f:19d:33e3:938,443,60695,UDP,2328,2445,3074596,1257.5035,1050.2577,1320702.7491,2445,331,NORMAL
2401:4900:88de:8752:d19f:19d:33e3:938,2404:6800:4003:c03:0:0:0:84,60698,443,TCP,264,10,2599,259.9000,37.8788,9844.6970,10,9,NORMAL
2401:4900:88de:8752:d19f:19d:33e3:938,2404:6800:4003:c03:0:0:0:84,56354,443,TCP,294,9,2525,280.5556,30.6122,8588.4354,9,8,NORMAL
2404:6800:4003:c03:0:0:0:84,2401:4900:88de:8752:d19f:19d:33e3:938,443,60698,TCP,150,9,12664,1407.1111,60.0000,84426.6667,9,10,NORMAL
2404:6800:4003:c03:0:0:0:84,2401:4900:88de:8752:d19f:19d:33e3:938,443,56354,TCP,164,8,12586,1573.2500,48.7805,76743.9024,8,9,NORMAL
fe80:0:0:0:b738:486f:a550:14c3,fe80:0:0:0:4248:6eff:fe16:d890,56654,53,UDP,0,1,99,99.0000,0.0000,0.0000,1,1,NORMAL
fe80:0:0:0:b738:486f:a550:14c3,fe80:0:0:0:4248:6eff:fe16:d890,53391,53,UDP,0,1,99,99.0000,0.0000,0.0000,1,1,NORMAL
fe80:0:0:0:b738:486f:a550:14c3,fe80:0:0:0:4248:6eff:fe16:d890,57849,53,UDP,0,1,99,99.0000,0.0000,0.0000,1,1,NORMAL
fe80:0:0:0:4248:6eff:fe16:d890,fe80:0:0:0:b738:486f:a550:14c3,53,56654,UDP,0,1,180,180.0000,0.0000,0.0000,1,1,NORMAL
fe80:0:0:0:4248:6eff:fe16:d890,fe80:0:0:0:b738:486f:a550:14c3,53,53391,UDP,0,1,242,242.0000,0.0000,0.0000,1,1,NORMAL
fe80:0:0:0:4248:6eff:fe16:d890,fe80:0:0:0:b738:486f:a550:14c3,53,57849,UDP,0,1,146,146.0000,0.0000,0.0000,1,1,NORMAL
2401:4900:88de:8752:d19f:19d:33e3:938,2404:6800:4013:813:0:0:0:12,51674,443,TCP,525,13,3439,264.5385,24.7619,6550.4762,13,15,NORMAL
2404:6800:4013:813:0:0:0:12,2401:4900:88de:8752:d19f:19d:33e3:938,443,51674,TCP,523,15,8986,599.0667,28.6807,17181.6444,15,13,NORMAL
2401:4900:88de:8752:d19f:19d:33e3:938,2404:6800:4013:813:0:0:0:12,54118,443,TCP,2684,83,49286,593.8072,30.9240,18362.8912,83,86,NORMAL
2404:6800:4013:813:0:0:0:12,2401:4900:88de:8752:d19f:19d:33e3:938,443,54118,TCP,2683,86,147155,1711.1047,32.0537,54847.1860,86,83,NORMAL
fe80:0:0:0:b738:486f:a550:14c3,fe80:0:0:0:4248:6eff:fe16:d890,52428,53,UDP,0,1,99,99.0000,0.0000,0.0000,1,1,NORMAL
fe80:0:0:0:b738:486f:a550:14c3,fe80:0:0:0:4248:6eff:fe16:d890,51479,53,UDP,0,1,99,99.0000,0.0000,0.0000,1,1,NORMAL
fe80:0:0:0:b738:486f:a550:14c3,fe80:0:0:0:4248:6eff:fe16:d890,53260,53,UDP,0,1,99,99.0000,0.0000,0.0000,1,1,NORMAL
fe80:0:0:0:b738:486f:a550:14c3,fe80:0:0:0:4248:6eff:fe16:d890,57087,53,UDP,0,1,94,94.0000,0.0000,0.0000,1,1,NORMAL
fe80:0:0:0:b738:486f:a550:14c3,fe80:0:0:0:4248:6eff:fe16:d890,52076,53,UDP,0,1,94,94.0000,0.0000,0.0000,1,1,NORMAL
fe80:0:0:0:b738:486f:a550:14c3,fe80:0:0:0:4248:6eff:fe16:d890,57552,53,UDP,0,1,94,94.0000,0.0000,0.0000,1,1,NORMAL
fe80:0:0:0:4248:6eff:fe16:d890,fe80:0:0:0:b738:486f:a550:14c3,53,51479,UDP,0,1,131,131.0000,0.0000,0.0000,1,1,NORMAL
fe80:0:0:0:4248:6eff:fe16:d890,fe80:0:0:0:b738:486f:a550:14c3,53,52428,UDP,0,1,153,153.0000,0.0000,0.0000,1,1,NORMAL
fe80:0:0:0:4248:6eff:fe16:d890,fe80:0:0:0:b738:486f:a550:14c3,53,53260,UDP,0,1,119,119.0000,0.0000,0.0000,1,1,NORMAL
fe80:0:0:0:4248:6eff:fe16:d890,fe80:0:0:0:b738:486f:a550:14c3,53,57087,UDP,0,1,169,169.0000,0.0000,0.0000,1,1,NORMAL
2401:4900:88de:8752:d19f:19d:33e3:938,2404:6800:4000:1025:0:0:0:54,52247,443,UDP,1345,20,11314,565.7000,14.8699,8411.8959,20,24,NORMAL
fe80:0:0:0:4248:6eff:fe16:d890,fe80:0:0:0:b738:486f:a550:14c3,53,52076,UDP,0,1,147,147.0000,0.0000,0.0000,1,1,NORMAL
fe80:0:0:0:4248:6eff:fe16:d890,fe80:0:0:0:b738:486f:a550:14c3,53,57552,UDP,0,1,135,135.0000,0.0000,0.0000,1,1,NORMAL
2401:4900:88de:8752:d19f:19d:33e3:938,2404:6800:4007:808:0:0:0:200e,49844,443,UDP,280,22,9190,417.7273,78.5714,32821.4286,22,34,NORMAL
2404:6800:4007:808:0:0:0:200e,2401:4900:88de:8752:d19f:19d:33e3:938,443,49844,UDP,259,34,34720,1021.1765,131.2741,134054.0541,34,22,NORMAL
2404:6800:4000:1025:0:0:0:54,2401:4900:88de:8752:d19f:19d:33e3:938,443,52247,UDP,1321,24,14226,592.7500,18.1681,10769.1143,24,20,NORMAL
192.168.1.4,192.168.1.255,52453,15600,UDP,0,1,77,77.0000,0.0000,0.0000,1,0,NORMAL
2401:4900:88de:8752:d19f:19d:33e3:938,2404:6800:4000:1025:0:0:0:54,49334,443,TCP,201,9,2487,276.3333,44.7761,12373.1343,9,8,NORMAL
2404:6800:4000:1025:0:0:0:54,2401:4900:88de:8752:d19f:19d:33e3:938,443,49334,TCP,100,8,6984,873.0000,80.0000,69840.0000,8,9,NORMAL
192.168.1.4,239.255.255.250,53956,15600,UDP,0,1,77,77.0000,0.0000,0.0000,1,0,NORMAL
192.168.1.4,192.168.1.255,56709,15600,UDP,0,1,77,77.0000,0.0000,0.0000,1,0,NORMAL
